idTabela;codTipoOrgao;codOrgao;txtNome;txtSigla;datCriacao;datExtincao;docCriacao;urlDocCriacao;codProposicao
;2;537870;Comissão de Defesa dos Direitos da Mulher;CMULHER;2016-04-28;;RES 15/2016;https://www2.camara.leg.br/legin/fed/rescad/2016/resolucaodacamaradosdeputados-15-28-abril-2016-782949-publicacaooriginal-150191-pl.html;
;2;537871;Comissão de Defesa dos Direitos da Pessoa Idosa;CIDOSO;2016-04-28;;RES 15/2016;https://www2.camara.leg.br/legin/fed/rescad/2016/resolucaodacamaradosdeputados-15-28-abril-2016-782949-publicacaooriginal-150191-pl.html;
;2;2008;Comissão de Desenvolvimento Econômico, Indústria, Comércio e Serviços;CDEICS;2015-10-30;;RES 12/2015;https://www2.camara.leg.br/legin/fed/rescad/2015/resolucaodacamaradosdeputados-12-29-outubro-2015-781847-publicacaooriginal-148557-pl.html;608521
;2;537480;Comissão de Defesa dos Direitos das Pessoas com Deficiência;CPD;2015-02-25;;RES 1/2015;https://www2.camara.leg.br/legin/fed/rescad/2015/resolucaodacamaradosdeputados-1-25-fevereiro-2015-780184-publicacaooriginal-146192-pl.html;492263
;2;6066;Comissão de Turismo;CTUR;2014-02-19;;RES 54/2014;https://www2.camara.leg.br/legin/fed/rescad/2014/resolucaodacamaradosdeputados-54-19-fevereiro-2014-778223-publicacaooriginal-143476-pl.html;606503
;2;537236;Comissão do Esporte;CESPO;2014-02-19;;RES 54/2014;https://www2.camara.leg.br/legin/fed/rescad/2014/resolucaodacamaradosdeputados-54-19-fevereiro-2014-778223-publicacaooriginal-143476-pl.html;606503
;2;2017;Comissão de Integração Nacional, Desenvolvimento Regional e da Amazônia;CINDRA;2013-03-07;;RES 23/2013;https://www2.camara.leg.br/legin/fed/rescad/2013/resolucaodacamaradosdeputados-23-6-marco-2013-775508-publicacaooriginal-139229-pl.html;566666
;2;536996;Comissão de Cultura;CCULT;2013-02-28;;RES 21/2013;https://www2.camara.leg.br/legin/fed/rescad/2013/resolucaodacamaradosdeputados-21-27-fevereiro-2013-775437-publicacaooriginal-139135-pl.html;565586
;2;2009;Comissão de Educação;CE;2013-02-28;;RES 21/2013;https://www2.camara.leg.br/legin/fed/rescad/2013/resolucaodacamaradosdeputados-21-27-fevereiro-2013-775437-publicacaooriginal-139135-pl.html;565586
;2;;Comissão da Amazônia, Integração Nacional e de Desenvolvimento Regional;;2004-03-18;2013-03-06;RES 20/2004;https://www2.camara.leg.br/legin/fed/rescad/2004/resolucaodacamaradosdeputados-20-17-marco-2004-783666-publicacaooriginal-151140-pl.html;149662
;2;2001;Comissão de Agricultura, Pecuária, Abastecimento e Desenvolvimento Rural;CAPADR;2004-03-18;;RES 20/2004;https://www2.camara.leg.br/legin/fed/rescad/2004/resolucaodacamaradosdeputados-20-17-marco-2004-783666-publicacaooriginal-151140-pl.html;149662
;2;2002;Comissão de Ciência e Tecnologia, Comunicação e Informática;CCTCI;2004-03-18;;RES 20/2004;https://www2.camara.leg.br/legin/fed/rescad/2004/resolucaodacamaradosdeputados-20-17-marco-2004-783666-publicacaooriginal-151140-pl.html;149662
;2;2003;Comissão de Constituição e Justiça e de Cidadania;CCJC;2004-03-18;;RES 20/2004;https://www2.camara.leg.br/legin/fed/rescad/2004/resolucaodacamaradosdeputados-20-17-marco-2004-783666-publicacaooriginal-151140-pl.html;149662
;2;2004;Comissão de Defesa do Consumidor;CDC;2004-03-18;;RES 20/2004;https://www2.camara.leg.br/legin/fed/rescad/2004/resolucaodacamaradosdeputados-20-17-marco-2004-783666-publicacaooriginal-151140-pl.html;149662
;2;;Comissão de Desenvolvimento Econômico, Indústria e Comércio;;2004-03-18;2015-10-29;RES 20/2004;https://www2.camara.leg.br/legin/fed/rescad/2004/resolucaodacamaradosdeputados-20-17-marco-2004-783666-publicacaooriginal-151140-pl.html;149662
;2;2006;Comissão de Desenvolvimento Urbano;CDU;2004-03-18;;RES 20/2004;https://www2.camara.leg.br/legin/fed/rescad/2004/resolucaodacamaradosdeputados-20-17-marco-2004-783666-publicacaooriginal-151140-pl.html;149662
;2;2007;Comissão de Direitos Humanos e Minorias;;2004-03-18;;RES 20/2004;https://www2.camara.leg.br/legin/fed/rescad/2004/resolucaodacamaradosdeputados-20-17-marco-2004-783666-publicacaooriginal-151140-pl.html;149662
;2;;Comissão de Educação e Cultura;;2004-03-18;2013-02-27;RES 20/2004;https://www2.camara.leg.br/legin/fed/rescad/2004/resolucaodacamaradosdeputados-20-17-marco-2004-783666-publicacaooriginal-151140-pl.html;149662
;2;2010;Comissão de Finanças e Tributação;CFT;2004-03-18;;RES 20/2004;https://www2.camara.leg.br/legin/fed/rescad/2004/resolucaodacamaradosdeputados-20-17-marco-2004-783666-publicacaooriginal-151140-pl.html;149662
;2;2011;Comissão de Fiscalização Financeira e Controle;CFFC;2004-03-18;;RES 20/2004;https://www2.camara.leg.br/legin/fed/rescad/2004/resolucaodacamaradosdeputados-20-17-marco-2004-783666-publicacaooriginal-151140-pl.html;149662
;2;5438;Comissão de Legislação Participativa;CLP;2004-03-18;;RES 20/2004;https://www2.camara.leg.br/legin/fed/rescad/2004/resolucaodacamaradosdeputados-20-17-marco-2004-783666-publicacaooriginal-151140-pl.html;149662
;2;6174;Comissão de Meio Ambiente e Desenvolvimento Sustentável;;2004-03-18;;RES 20/2004;https://www2.camara.leg.br/legin/fed/rescad/2004/resolucaodacamaradosdeputados-20-17-marco-2004-783666-publicacaooriginal-151140-pl.html;149662
;2;2012;Comissão de Minas e Energia;CME;2004-03-18;;RES 20/2004;https://www2.camara.leg.br/legin/fed/rescad/2004/resolucaodacamaradosdeputados-20-17-marco-2004-783666-publicacaooriginal-151140-pl.html;149662
;2;2018;Comissão de Relações Exteriores e de Defesa Nacional;CREDN;2004-03-18;;RES 20/2004;https://www2.camara.leg.br/legin/fed/rescad/2004/resolucaodacamaradosdeputados-20-17-marco-2004-783666-publicacaooriginal-151140-pl.html;149662
;2;5503;Comissão de Segurança Pública e Combate ao Crime Organizado;CSPCCO;2004-03-18;;RES 20/2004;https://www2.camara.leg.br/legin/fed/rescad/2004/resolucaodacamaradosdeputados-20-17-marco-2004-783666-publicacaooriginal-151140-pl.html;149662
;2;2014;Comissão de Seguridade Social e Família;CSSF;2004-03-18;;RES 20/2004;https://www2.camara.leg.br/legin/fed/rescad/2004/resolucaodacamaradosdeputados-20-17-marco-2004-783666-publicacaooriginal-151140-pl.html;149662
;2;2015;Comissão de Trabalho, de Administração e Serviço Público;CTASP;2004-03-18;;RES 20/2004;https://www2.camara.leg.br/legin/fed/rescad/2004/resolucaodacamaradosdeputados-20-17-marco-2004-783666-publicacaooriginal-151140-pl.html;149662
;2;;Comissão de Turismo e Desporto;;2004-03-18;2014-02-18;RES 20/2004;https://www2.camara.leg.br/legin/fed/rescad/2004/resolucaodacamaradosdeputados-20-17-marco-2004-783666-publicacaooriginal-151140-pl.html;149662
;2;2016;Comissão de Viação e Transportes;CVT;2004-03-18;;RES 20/2004;https://www2.camara.leg.br/legin/fed/rescad/2004/resolucaodacamaradosdeputados-20-17-marco-2004-783666-publicacaooriginal-151140-pl.html;149662
;2;;Comissão de Economia, Indústria e Comércio;;2003-07-09;2004-03-17;RES 4/2003;https://www2.camara.leg.br/legin/fed/rescad/2003/resolucaodacamaradosdeputados-4-8-julho-2003-322081-publicacaooriginal-1-pl.html;104449
;2;;Comissão de Educação e Cultura;;2003-07-09;2004-03-17;RES 4/2003;https://www2.camara.leg.br/legin/fed/rescad/2003/resolucaodacamaradosdeputados-4-8-julho-2003-322081-publicacaooriginal-1-pl.html;104449
;2;;Comissão de Turismo e Desporto;;2003-07-09;2004-03-17;RES 4/2003;https://www2.camara.leg.br/legin/fed/rescad/2003/resolucaodacamaradosdeputados-4-8-julho-2003-322081-publicacaooriginal-1-pl.html;104449
;2;;Comissão de Economia, Indústria, Comércio e Turismo;;2002-03-22;2003-07-08;RES 29/2002;https://www2.camara.leg.br/legin/fed/rescad/2002/resolucaodacamaradosdeputados-29-21-marco-2002-321606-norma-pl.html;21814
;2;;Comissão de Segurança Pública e Combate ao Crime Organizado, Violência e Narcotráfico;;2002-02-21;2004-03-17;RES 27/2002;https://www2.camara.leg.br/legin/fed/rescad/2002/resolucaodacamaradosdeputados-27-20-fevereiro-2002-321580-publicacaooriginal-1-pl.html;21664
;2;;Comissão de Legislação Participativa;;2001-05-31;2004-03-17;RES 21/2001;https://www2.camara.leg.br/legin/fed/rescad/2001/resolucaodacamaradosdeputados-21-30-maio-2001-319754-publicacaooriginal-1-pl.html;28321
;2;;Comissão da Amazônia e de Desenvolvimento Regional;;1997-02-15;2004-03-17;RES 15/1996;https://www2.camara.leg.br/legin/fed/rescad/1996/resolucaodacamaradosdeputados-15-11-dezembro-1996-321012-publicacaooriginal-1-pl.html;235123
;2;;Comissão de Relações Exteriores e de Defesa Nacional;;1997-02-15;2004-03-17;RES 15/1996;https://www2.camara.leg.br/legin/fed/rescad/1996/resolucaodacamaradosdeputados-15-11-dezembro-1996-321012-publicacaooriginal-1-pl.html;235123
;2;;Comissão de Direitos Humanos;;1995-02-01;2004-03-17;RES 80/1995;https://www2.camara.leg.br/legin/fed/rescad/1995/resolucaodacamaradosdeputados-80-31-janeiro-1995-320928-publicacaooriginal-1-pl.html;237250
;2;;Comissão de Fiscalização Financeira e Controle;;1995-01-20;2004-03-17;RES 77/1995;https://www2.camara.leg.br/legin/fed/rescad/1995/resolucaodacamaradosdeputados-77-19-janeiro-1995-320925-publicacaooriginal-1-pl.html;237241
;2;;Comissão de Desenvolvimento Urbano e Interior;;1993-03-05;2004-03-17;RES 25/1993;https://www2.camara.leg.br/legin/int/rescad/1993/resolucaodacamaradosdeputados-25-3-marco-1993-321263-publicacaooriginal-1-pl.html;236175
;2;;Comissão de Viação e Transportes;;1993-03-05;2004-03-17;RES 25/1993;https://www2.camara.leg.br/legin/int/rescad/1993/resolucaodacamaradosdeputados-25-3-marco-1993-321263-publicacaooriginal-1-pl.html;236175
;2;;Comissão de Agricultura e Política Rural;;1991-02-01;2004-03-17;RES 17/1989;https://www2.camara.leg.br/legin/fed/rescad/1989/resolucaodacamaradosdeputados-17-21-setembro-1989-320110-publicacaooriginal-1-pl.html;235608
;2;;Comissão de Ciência e Tecnologia, Comunicação e Informática;;1991-02-01;2004-03-17;RES 17/1989;https://www2.camara.leg.br/legin/fed/rescad/1989/resolucaodacamaradosdeputados-17-21-setembro-1989-320110-publicacaooriginal-1-pl.html;235608
;2;;Comissão de Constituição e Justiça e de Redação;;1991-02-01;2004-03-17;RES 17/1989;https://www2.camara.leg.br/legin/fed/rescad/1989/resolucaodacamaradosdeputados-17-21-setembro-1989-320110-publicacaooriginal-1-pl.html;235608
;2;1100;Comissão de Defesa do Consumidor, Meio Ambiente e Minorias;CDCMM;1991-02-01;2004-03-17;RES 17/1989;https://www2.camara.leg.br/legin/fed/rescad/1989/resolucaodacamaradosdeputados-17-21-setembro-1989-320110-publicacaooriginal-1-pl.html;235608
;2;200;Comissão de Defesa Nacional;CDN;1991-02-01;1997-02-14;RES 17/1989;https://www2.camara.leg.br/legin/fed/rescad/1989/resolucaodacamaradosdeputados-17-21-setembro-1989-320110-publicacaooriginal-1-pl.html;235608
;2;;Comissão de Economia, Indústria e Comércio;;1991-02-01;2002-03-21;RES 17/1989;https://www2.camara.leg.br/legin/fed/rescad/1989/resolucaodacamaradosdeputados-17-21-setembro-1989-320110-publicacaooriginal-1-pl.html;235608
;2;;Comissão de Educação, Cultura e Desporto;;1991-02-01;2003-07-08;RES 17/1989;https://www2.camara.leg.br/legin/fed/rescad/1989/resolucaodacamaradosdeputados-17-21-setembro-1989-320110-publicacaooriginal-1-pl.html;235608
;2;;Comissão de Finanças e Tributação;;1991-02-01;2004-03-17;RES 17/1989;https://www2.camara.leg.br/legin/fed/rescad/1989/resolucaodacamaradosdeputados-17-21-setembro-1989-320110-publicacaooriginal-1-pl.html;235608
;2;;Comissão de Minas e Energia;;1991-02-01;2004-03-17;RES 17/1989;https://www2.camara.leg.br/legin/fed/rescad/1989/resolucaodacamaradosdeputados-17-21-setembro-1989-320110-publicacaooriginal-1-pl.html;235608
;2;106;Comissão de Relações Exteriores;CRE;1991-02-01;1997-02-14;RES 17/1989;https://www2.camara.leg.br/legin/fed/rescad/1989/resolucaodacamaradosdeputados-17-21-setembro-1989-320110-publicacaooriginal-1-pl.html;235608
;2;;Comissão de Seguridade Social e Família;;1991-02-01;2004-03-17;RES 17/1989;https://www2.camara.leg.br/legin/fed/rescad/1989/resolucaodacamaradosdeputados-17-21-setembro-1989-320110-publicacaooriginal-1-pl.html;235608
;2;;Comissão de Trabalho, de Administração e Serviço Público;;1991-02-01;2004-03-17;RES 17/1989;https://www2.camara.leg.br/legin/fed/rescad/1989/resolucaodacamaradosdeputados-17-21-setembro-1989-320110-publicacaooriginal-1-pl.html;235608
;2;227;Comissão de Viação e Transportes, Desenvolvimento Urbano e Interior;CVTDUI;1991-02-01;1993-03-04;RES 17/1989;https://www2.camara.leg.br/legin/fed/rescad/1989/resolucaodacamaradosdeputados-17-21-setembro-1989-320110-publicacaooriginal-1-pl.html;235608
;2;;Comissão de Agricultura e Política Rural;;1989-02-25;1991-01-31;RES 5/1989;https://www2.camara.leg.br/legin/fed/rescad/1989/resolucaodacamaradosdeputados-5-23-fevereiro-1989-320302-publicacaooriginal-1-pl.html;235622
;2;;Comissão de Ciência e Tecnologia, Comunicação e Informática;;1989-02-25;1991-01-31;RES 5/1989;https://www2.camara.leg.br/legin/fed/rescad/1989/resolucaodacamaradosdeputados-5-23-fevereiro-1989-320302-publicacaooriginal-1-pl.html;235622
;2;;Comissão de Constituição e Justiça e de Redação;;1989-02-25;1991-01-31;RES 5/1989;https://www2.camara.leg.br/legin/fed/rescad/1989/resolucaodacamaradosdeputados-5-23-fevereiro-1989-320302-publicacaooriginal-1-pl.html;235622
;2;;Comissão de Defesa do Consumidor e do Meio Ambiente;;1989-02-25;1991-01-31;RES 5/1989;https://www2.camara.leg.br/legin/fed/rescad/1989/resolucaodacamaradosdeputados-5-23-fevereiro-1989-320302-publicacaooriginal-1-pl.html;235622
;2;200;Comissão de Defesa Nacional;CDN;1989-02-25;1991-01-31;RES 5/1989;https://www2.camara.leg.br/legin/fed/rescad/1989/resolucaodacamaradosdeputados-5-23-fevereiro-1989-320302-publicacaooriginal-1-pl.html;235622
;2;242;Comissão de Desenvolvimento Urbano, Interior e Índio;CDUII;1989-02-25;1991-01-31;RES 5/1989;https://www2.camara.leg.br/legin/fed/rescad/1989/resolucaodacamaradosdeputados-5-23-fevereiro-1989-320302-publicacaooriginal-1-pl.html;235622
;2;;Comissão de Economia, Indústria e Comércio;;1989-02-25;1991-01-31;RES 5/1989;https://www2.camara.leg.br/legin/fed/rescad/1989/resolucaodacamaradosdeputados-5-23-fevereiro-1989-320302-publicacaooriginal-1-pl.html;235622
;2;244;Comissão de Educação, Cultura, Esporte e Turismo;CECET;1989-02-25;1991-01-31;RES 5/1989;https://www2.camara.leg.br/legin/fed/rescad/1989/resolucaodacamaradosdeputados-5-23-fevereiro-1989-320302-publicacaooriginal-1-pl.html;235622
;2;335;Comissão de Finanças;CFFC;1989-02-25;1991-01-31;RES 5/1989;https://www2.camara.leg.br/legin/fed/rescad/1989/resolucaodacamaradosdeputados-5-23-fevereiro-1989-320302-publicacaooriginal-1-pl.html;235622
;2;101;Comissão de Fiscalização e Controle;CFC;1989-02-25;1991-01-31;RES 5/1989;https://www2.camara.leg.br/legin/fed/rescad/1989/resolucaodacamaradosdeputados-5-23-fevereiro-1989-320302-publicacaooriginal-1-pl.html;235622
;2;;Comissão de Minas e Energia;;1989-02-25;1991-01-31;RES 5/1989;https://www2.camara.leg.br/legin/fed/rescad/1989/resolucaodacamaradosdeputados-5-23-fevereiro-1989-320302-publicacaooriginal-1-pl.html;235622
;2;;Comissão de Relações Exteriores;;1989-02-25;1991-01-31;RES 5/1989;https://www2.camara.leg.br/legin/fed/rescad/1989/resolucaodacamaradosdeputados-5-23-fevereiro-1989-320302-publicacaooriginal-1-pl.html;235622
;2;233;Comissão de Saúde, Previdência e Assistência Social;CSPAS;1989-02-25;1991-01-31;RES 5/1989;https://www2.camara.leg.br/legin/fed/rescad/1989/resolucaodacamaradosdeputados-5-23-fevereiro-1989-320302-publicacaooriginal-1-pl.html;235622
;2;235;Comissão de Serviço Público;CSP;1989-02-25;1991-01-31;RES 5/1989;https://www2.camara.leg.br/legin/fed/rescad/1989/resolucaodacamaradosdeputados-5-23-fevereiro-1989-320302-publicacaooriginal-1-pl.html;235622
;2;;Comissão de Trabalho, de Administração e Serviço Público;;1989-02-25;1991-01-31;RES 5/1989;https://www2.camara.leg.br/legin/fed/rescad/1989/resolucaodacamaradosdeputados-5-23-fevereiro-1989-320302-publicacaooriginal-1-pl.html;235622
;2;338;Comissão de Transportes;CT;1989-02-25;1991-01-31;RES 5/1989;https://www2.camara.leg.br/legin/fed/rescad/1989/resolucaodacamaradosdeputados-5-23-fevereiro-1989-320302-publicacaooriginal-1-pl.html;235622
;2;;Comissão de Fiscalização e Controle;;1986-10-03;1989-02-24;RES 34/1986;https://www2.camara.leg.br/legin/fed/rescad/1980-1987/resolucaodacamaradosdeputados-34-20-junho-1986-320300-publicacaooriginal-1-pl.html;237457
;2;;Comissão de Comunicação e Informática;;1985-11-21;1989-02-24;RES 55/1985;https://www2.camara.leg.br/legin/fed/rescad/1980-1987/resolucaodacamaradosdeputados-55-19-novembro-1985-320299-publicacaooriginal-1-pl.html;235675
;2;98;Comissão de Previdência e Assistência Social;CPAS;1985-08-22;1989-02-24;RES 30/1985;https://www2.camara.leg.br/legin/fed/rescad/1980-1987/resolucaodacamaradosdeputados-30-19-agosto-1985-320298-publicacaooriginal-1-pl.html;237448
;2;;Comissão de Trabalho;;1985-08-22;1989-02-24;RES 30/1985;https://www2.camara.leg.br/legin/fed/rescad/1980-1987/resolucaodacamaradosdeputados-30-19-agosto-1985-320298-publicacaooriginal-1-pl.html;237448
;2;;Comissão de Desenvolvimento Urbano;;1985-05-23;1989-02-24;RES 4/1985;https://www2.camara.leg.br/legin/fed/rescad/1980-1987/resolucaodacamaradosdeputados-4-23-maio-1985-320297-publicacaooriginal-1-pl.html;237442
;2;136;Comissão de Esporte e Turismo;CET;1983-05-21;1989-02-24;RES 16/1983;https://www2.camara.leg.br/legin/fed/rescad/1980-1987/resolucaodacamaradosdeputados-16-19-maio-1983-320293-publicacaooriginal-1-pl.html;235396
;2;240;Comissão do Índio;CIND;1983-05-06;1989-02-24;RES 15/1983;https://www2.camara.leg.br/legin/fed/rescad/1980-1987/resolucaodacamaradosdeputados-15-5-maio-1983-320292-publicacaooriginal-1-pl.html;235044
;2;;Comissão de Defesa do Consumidor;;1981-05-28;1989-02-24;RES 15/1981;https://www2.camara.leg.br/legin/fed/rescad/1980-1987/resolucaodacamaradosdeputados-15-25-maio-1981-320290-publicacaooriginal-1-pl.html;237174
;2;;Comissão de Comunicação;;1977-09-01;1985-11-20;RES 51/1977;https://www2.camara.leg.br/legin/fed/rescad/1970-1979/resolucaodacamaradosdeputados-51-30-agosto-1977-320280-publicacaooriginal-1-pl.html;236446
;2;;Comissão do Interior;;1977-09-01;1989-02-24;RES 51/1977;https://www2.camara.leg.br/legin/fed/rescad/1970-1979/resolucaodacamaradosdeputados-51-30-agosto-1977-320280-publicacaooriginal-1-pl.html;236446
;2;;Comissão de Agricultura e Política Rural;;1972-12-01;1989-02-24;RES 30/1972;https://www2.camara.leg.br/legin/fed/rescad/1970-1979/resolucaodacamaradosdeputados-30-31-outubro-1972-320276-publicacaooriginal-1-pl.html;235377
;2;;Comissão de Ciência e Tecnologia;;1972-12-01;1989-02-24;RES 30/1972;https://www2.camara.leg.br/legin/fed/rescad/1970-1979/resolucaodacamaradosdeputados-30-31-outubro-1972-320276-publicacaooriginal-1-pl.html;235377
;2;410;Comissão de Comunicações;;1972-12-01;1977-08-31;RES 30/1972;https://www2.camara.leg.br/legin/fed/rescad/1970-1979/resolucaodacamaradosdeputados-30-31-outubro-1972-320276-publicacaooriginal-1-pl.html;235377
;2;218;Comissão de Constituição e Justiça;;1972-12-01;1989-02-24;RES 30/1972;https://www2.camara.leg.br/legin/fed/rescad/1970-1979/resolucaodacamaradosdeputados-30-31-outubro-1972-320276-publicacaooriginal-1-pl.html;235377
;2;;Comissão de Economia, Indústria e Comércio;;1972-12-01;1989-02-24;RES 30/1972;https://www2.camara.leg.br/legin/fed/rescad/1970-1979/resolucaodacamaradosdeputados-30-31-outubro-1972-320276-publicacaooriginal-1-pl.html;235377
;2;;Comissão de Educação e Cultura;;1972-12-01;1989-02-24;RES 30/1972;https://www2.camara.leg.br/legin/fed/rescad/1970-1979/resolucaodacamaradosdeputados-30-31-outubro-1972-320276-publicacaooriginal-1-pl.html;235377
;2;;Comissão de Finanças;;1972-12-01;1989-02-24;RES 30/1972;https://www2.camara.leg.br/legin/fed/rescad/1970-1979/resolucaodacamaradosdeputados-30-31-outubro-1972-320276-publicacaooriginal-1-pl.html;235377
;2;;Comissão de Fiscalização Financeira e Tomada de Contas;;1972-12-01;1986-10-02;RES 30/1972;https://www2.camara.leg.br/legin/fed/rescad/1970-1979/resolucaodacamaradosdeputados-30-31-outubro-1972-320276-publicacaooriginal-1-pl.html;235377
;2;;Comissão de Minas e Energia;;1972-12-01;1989-02-24;RES 30/1972;https://www2.camara.leg.br/legin/fed/rescad/1970-1979/resolucaodacamaradosdeputados-30-31-outubro-1972-320276-publicacaooriginal-1-pl.html;235377
;2;212;Comissão de Redação;CR;1972-12-01;1989-02-24;RES 30/1972;https://www2.camara.leg.br/legin/fed/rescad/1970-1979/resolucaodacamaradosdeputados-30-31-outubro-1972-320276-publicacaooriginal-1-pl.html;235377
;2;;Comissão de Relações Exteriores;;1972-12-01;1989-02-24;RES 30/1972;https://www2.camara.leg.br/legin/fed/rescad/1970-1979/resolucaodacamaradosdeputados-30-31-outubro-1972-320276-publicacaooriginal-1-pl.html;235377
;2;238;Comissão de Saúde;CS;1972-12-01;1989-02-24;RES 30/1972;https://www2.camara.leg.br/legin/fed/rescad/1970-1979/resolucaodacamaradosdeputados-30-31-outubro-1972-320276-publicacaooriginal-1-pl.html;235377
;2;92;Comissão de Segurança Nacional;;1972-12-01;1989-02-24;RES 30/1972;https://www2.camara.leg.br/legin/fed/rescad/1970-1979/resolucaodacamaradosdeputados-30-31-outubro-1972-320276-publicacaooriginal-1-pl.html;235377
;2;;Comissão de Serviço Público;;1972-12-01;1989-02-24;RES 30/1972;https://www2.camara.leg.br/legin/fed/rescad/1970-1979/resolucaodacamaradosdeputados-30-31-outubro-1972-320276-publicacaooriginal-1-pl.html;235377
;2;;Comissão de Trabalho e Legislação Social;;1972-12-01;1989-02-24;RES 30/1972;https://www2.camara.leg.br/legin/fed/rescad/1970-1979/resolucaodacamaradosdeputados-30-31-outubro-1972-320276-publicacaooriginal-1-pl.html;235377
;2;;Comissão de Transportes;;1972-12-01;1989-02-24;RES 30/1972;https://www2.camara.leg.br/legin/fed/rescad/1970-1979/resolucaodacamaradosdeputados-30-31-outubro-1972-320276-publicacaooriginal-1-pl.html;235377
;2;;Comissão de Agricultura e Política Rural;;1964-03-26;1972-11-30;Res. Mesa 22/1/1964 – RICD;https://www2.camara.leg.br/legin/fed/resmes_sn/1960-1969/resolucaodamesa-4-22-janeiro-1964-321291-publicacaooriginal-1-cd.html;
;2;;Comissão de Constituição e Justiça;;1964-03-26;1972-11-30;Res. Mesa 22/1/1964 – RICD;https://www2.camara.leg.br/legin/fed/resmes_sn/1960-1969/resolucaodamesa-4-22-janeiro-1964-321291-publicacaooriginal-1-cd.html;
;2;97;Comissão de Economia;CE;1964-03-26;1972-11-30;Res. Mesa 22/1/1964 – RICD;https://www2.camara.leg.br/legin/fed/resmes_sn/1960-1969/resolucaodamesa-4-22-janeiro-1964-321291-publicacaooriginal-1-cd.html;
;2;;Comissão de Educação e Cultura;;1964-03-26;1972-11-30;Res. Mesa 22/1/1964 – RICD;https://www2.camara.leg.br/legin/fed/resmes_sn/1960-1969/resolucaodamesa-4-22-janeiro-1964-321291-publicacaooriginal-1-cd.html;
;2;;Comissão de Finanças;;1964-03-26;1972-11-30;Res. Mesa 22/1/1964 – RICD;https://www2.camara.leg.br/legin/fed/resmes_sn/1960-1969/resolucaodamesa-4-22-janeiro-1964-321291-publicacaooriginal-1-cd.html;
;2;;Comissão de Fiscalização Financeira e Tomada de Contas;;1964-03-26;1972-11-30;Res. Mesa 22/1/1964 – RICD;https://www2.camara.leg.br/legin/fed/resmes_sn/1960-1969/resolucaodamesa-4-22-janeiro-1964-321291-publicacaooriginal-1-cd.html;
;2;88;Comissão de Legislação Social;CLS;1964-03-26;1972-11-30;Res. Mesa 22/1/1964 – RICD;https://www2.camara.leg.br/legin/fed/resmes_sn/1960-1969/resolucaodamesa-4-22-janeiro-1964-321291-publicacaooriginal-1-cd.html;
;2;;Comissão de Minas e Energia;;1964-03-26;1972-11-30;Res. Mesa 22/1/1964 – RICD;https://www2.camara.leg.br/legin/fed/resmes_sn/1960-1969/resolucaodamesa-4-22-janeiro-1964-321291-publicacaooriginal-1-cd.html;
;2;336;Comissão de Orçamento;CO;1964-03-26;1972-11-30;Res. Mesa 22/1/1964 – RICD;https://www2.camara.leg.br/legin/fed/resmes_sn/1960-1969/resolucaodamesa-4-22-janeiro-1964-321291-publicacaooriginal-1-cd.html;
;2;;Comissão de Redação;;1964-03-26;1972-11-30;Res. Mesa 22/1/1964 – RICD;https://www2.camara.leg.br/legin/fed/resmes_sn/1960-1969/resolucaodamesa-4-22-janeiro-1964-321291-publicacaooriginal-1-cd.html;
;2;;Comissão de Relações Exteriores;;1964-03-26;1972-11-30;Res. Mesa 22/1/1964 – RICD;https://www2.camara.leg.br/legin/fed/resmes_sn/1960-1969/resolucaodamesa-4-22-janeiro-1964-321291-publicacaooriginal-1-cd.html;
;2;;Comissão de Saúde;;1964-03-26;1972-11-30;Res. Mesa 22/1/1964 – RICD;https://www2.camara.leg.br/legin/fed/resmes_sn/1960-1969/resolucaodamesa-4-22-janeiro-1964-321291-publicacaooriginal-1-cd.html;
;2;;Comissão de Segurança Nacional;;1964-03-26;1972-11-30;Res. Mesa 22/1/1964 – RICD;https://www2.camara.leg.br/legin/fed/resmes_sn/1960-1969/resolucaodamesa-4-22-janeiro-1964-321291-publicacaooriginal-1-cd.html;
;2;;Comissão de Serviço Público;;1964-03-26;1972-11-30;Res. Mesa 22/1/1964 – RICD;https://www2.camara.leg.br/legin/fed/resmes_sn/1960-1969/resolucaodamesa-4-22-janeiro-1964-321291-publicacaooriginal-1-cd.html;
;2;90;Comissão de Transportes, Comunicações e Obras Públicas;CTCOP;1964-03-26;1972-11-30;Res. Mesa 22/1/1964 – RICD;https://www2.camara.leg.br/legin/fed/resmes_sn/1960-1969/resolucaodamesa-4-22-janeiro-1964-321291-publicacaooriginal-1-cd.html;
;2;145;Comissão do Distrito Federal;CDF;1964-03-26;1972-11-30;Res. Mesa 22/1/1964 – RICD;https://www2.camara.leg.br/legin/fed/resmes_sn/1960-1969/resolucaodamesa-4-22-janeiro-1964-321291-publicacaooriginal-1-cd.html;
;2;;Comissão de Agricultura e Política Rural;;1963-06-01;1964-03-25;RES 18/1963;https://www2.camara.leg.br/legin/fed/rescad/1960-1969/resolucaodacamaradosdeputados-18-21-maio-1963-321287-publicacaooriginal-1-pl.html;234856
;2;;Comissão de Constituição e Justiça;;1963-06-01;1964-03-25;RES 18/1963;https://www2.camara.leg.br/legin/fed/rescad/1960-1969/resolucaodacamaradosdeputados-18-21-maio-1963-321287-publicacaooriginal-1-pl.html;234856
;2;;Comissão de Economia;;1963-06-01;1964-03-25;RES 18/1963;https://www2.camara.leg.br/legin/fed/rescad/1960-1969/resolucaodacamaradosdeputados-18-21-maio-1963-321287-publicacaooriginal-1-pl.html;234856
;2;;Comissão de Educação e Cultura;;1963-06-01;1964-03-25;RES 18/1963;https://www2.camara.leg.br/legin/fed/rescad/1960-1969/resolucaodacamaradosdeputados-18-21-maio-1963-321287-publicacaooriginal-1-pl.html;234856
;2;;Comissão de Finanças;;1963-06-01;1964-03-25;RES 18/1963;https://www2.camara.leg.br/legin/fed/rescad/1960-1969/resolucaodacamaradosdeputados-18-21-maio-1963-321287-publicacaooriginal-1-pl.html;234856
;2;;Comissão de Fiscalização Financeira e Tomada de Contas;;1963-06-01;1964-03-25;RES 18/1963;https://www2.camara.leg.br/legin/fed/rescad/1960-1969/resolucaodacamaradosdeputados-18-21-maio-1963-321287-publicacaooriginal-1-pl.html;234856
;2;;Comissão de Legislação Social;;1963-06-01;1964-03-25;RES 18/1963;https://www2.camara.leg.br/legin/fed/rescad/1960-1969/resolucaodacamaradosdeputados-18-21-maio-1963-321287-publicacaooriginal-1-pl.html;234856
;2;;Comissão de Minas e Energia;;1963-06-01;1964-03-25;RES 18/1963;https://www2.camara.leg.br/legin/fed/rescad/1960-1969/resolucaodacamaradosdeputados-18-21-maio-1963-321287-publicacaooriginal-1-pl.html;234856
;2;;Comissão de Orçamento;;1963-06-01;1964-03-25;RES 18/1963;https://www2.camara.leg.br/legin/fed/rescad/1960-1969/resolucaodacamaradosdeputados-18-21-maio-1963-321287-publicacaooriginal-1-pl.html;234856
;2;;Comissão de Redação;;1963-06-01;1964-03-25;RES 18/1963;https://www2.camara.leg.br/legin/fed/rescad/1960-1969/resolucaodacamaradosdeputados-18-21-maio-1963-321287-publicacaooriginal-1-pl.html;234856
;2;;Comissão de Relações Exteriores;;1963-06-01;1964-03-25;RES 18/1963;https://www2.camara.leg.br/legin/fed/rescad/1960-1969/resolucaodacamaradosdeputados-18-21-maio-1963-321287-publicacaooriginal-1-pl.html;234856
;2;;Comissão de Saúde;;1963-06-01;1964-03-25;RES 18/1963;https://www2.camara.leg.br/legin/fed/rescad/1960-1969/resolucaodacamaradosdeputados-18-21-maio-1963-321287-publicacaooriginal-1-pl.html;234856
;2;;Comissão de Segurança Nacional;;1963-06-01;1964-03-25;RES 18/1963;https://www2.camara.leg.br/legin/fed/rescad/1960-1969/resolucaodacamaradosdeputados-18-21-maio-1963-321287-publicacaooriginal-1-pl.html;234856
;2;;Comissão de Serviço Público;;1963-06-01;1964-03-25;RES 18/1963;https://www2.camara.leg.br/legin/fed/rescad/1960-1969/resolucaodacamaradosdeputados-18-21-maio-1963-321287-publicacaooriginal-1-pl.html;234856
;2;;Comissão de Transportes, Comunicações e Obras Públicas;;1963-06-01;1964-03-25;RES 18/1963;https://www2.camara.leg.br/legin/fed/rescad/1960-1969/resolucaodacamaradosdeputados-18-21-maio-1963-321287-publicacaooriginal-1-pl.html;234856
;2;;Comissão do Distrito Federal;;1963-06-01;1964-03-25;RES 18/1963;https://www2.camara.leg.br/legin/fed/rescad/1960-1969/resolucaodacamaradosdeputados-18-21-maio-1963-321287-publicacaooriginal-1-pl.html;234856
;2;;Comissão do Distrito Federal;;1961-11-23;1963-05-31;RES 63/1961;https://www2.camara.leg.br/legin/fed/rescad/1960-1969/resolucaodacamaradosdeputados-63-22-novembro-1961-321282-norma-pl.html;235914
;2;;Comissão de Constituição e Justiça;;1959-03-14;1963-05-31;Res. Mesa 1/1959;https://www2.camara.leg.br/legin/int/resmes/1950-1959/resolucaodamesa-1-13-marco-1959-321280-publicacaooriginal-1-cd.html;
;2;;Comissão de Economia;;1959-03-14;1963-05-31;Res. Mesa 1/1959;https://www2.camara.leg.br/legin/int/resmes/1950-1959/resolucaodamesa-1-13-marco-1959-321280-publicacaooriginal-1-cd.html;
;2;;Comissão de Educação e Cultura;;1959-03-14;1963-05-31;Res. Mesa 1/1959;https://www2.camara.leg.br/legin/int/resmes/1950-1959/resolucaodamesa-1-13-marco-1959-321280-publicacaooriginal-1-cd.html;
;2;;Comissão de Finanças;;1959-03-14;1963-05-31;Res. Mesa 1/1959;https://www2.camara.leg.br/legin/int/resmes/1950-1959/resolucaodamesa-1-13-marco-1959-321280-publicacaooriginal-1-cd.html;
;2;;Comissão de Legislação Social;;1959-03-14;1963-05-31;Res. Mesa 1/1959;https://www2.camara.leg.br/legin/int/resmes/1950-1959/resolucaodamesa-1-13-marco-1959-321280-publicacaooriginal-1-cd.html;
;2;;Comissão de Orçamento e Fiscalização Financeira;;1959-03-14;1963-05-31;Res. Mesa 1/1959;https://www2.camara.leg.br/legin/int/resmes/1950-1959/resolucaodamesa-1-13-marco-1959-321280-publicacaooriginal-1-cd.html;
;2;;Comissão de Redação;;1959-03-14;1963-05-31;Res. Mesa 1/1959;https://www2.camara.leg.br/legin/int/resmes/1950-1959/resolucaodamesa-1-13-marco-1959-321280-publicacaooriginal-1-cd.html;
;2;;Comissão de Relações Exteriores;;1959-03-14;1963-05-31;Res. Mesa 1/1959;https://www2.camara.leg.br/legin/int/resmes/1950-1959/resolucaodamesa-1-13-marco-1959-321280-publicacaooriginal-1-cd.html;
;2;;Comissão de Saúde;;1959-03-14;1963-05-31;Res. Mesa 1/1959;https://www2.camara.leg.br/legin/int/resmes/1950-1959/resolucaodamesa-1-13-marco-1959-321280-publicacaooriginal-1-cd.html;
;2;;Comissão de Segurança Nacional;;1959-03-14;1963-05-31;Res. Mesa 1/1959;https://www2.camara.leg.br/legin/int/resmes/1950-1959/resolucaodamesa-1-13-marco-1959-321280-publicacaooriginal-1-cd.html;
;2;;Comissão de Serviço Público;;1959-03-14;1963-05-31;Res. Mesa 1/1959;https://www2.camara.leg.br/legin/int/resmes/1950-1959/resolucaodamesa-1-13-marco-1959-321280-publicacaooriginal-1-cd.html;
;2;;Comissão de Transportes, Comunicações e Obras Públicas;;1959-03-14;1963-05-31;Res. Mesa 1/1959;https://www2.camara.leg.br/legin/int/resmes/1950-1959/resolucaodamesa-1-13-marco-1959-321280-publicacaooriginal-1-cd.html;
;2;;Comissão de Relações Exteriores;;1957-11-14;1959-03-13;RES 115/1957;https://www2.camara.leg.br/legin/fed/rescad/1950-1959/resolucaodacamaradosdeputados-115-12-novembro-1957-319706-publicacaooriginal-1-pl.html;236257
;2;;Comissão de Constituição e Justiça;;1955-03-15;1959-03-13;RES 582/1955;https://www2.camara.leg.br/legin/fed/rescad/1950-1959/resolucaodacamaradosdeputados-582-31-janeiro-1955-319701-publicacaooriginal-1-pl.html;237530
;2;;Comissão de Diplomacia;;1955-03-15;1957-11-13;RES 582/1955;https://www2.camara.leg.br/legin/fed/rescad/1950-1959/resolucaodacamaradosdeputados-582-31-janeiro-1955-319701-publicacaooriginal-1-pl.html;237530
;2;;Comissão de Economia;;1955-03-15;1959-03-13;RES 582/1955;https://www2.camara.leg.br/legin/fed/rescad/1950-1959/resolucaodacamaradosdeputados-582-31-janeiro-1955-319701-publicacaooriginal-1-pl.html;237530
;2;;Comissão de Educação e Cultura;;1955-03-15;1959-03-13;RES 582/1955;https://www2.camara.leg.br/legin/fed/rescad/1950-1959/resolucaodacamaradosdeputados-582-31-janeiro-1955-319701-publicacaooriginal-1-pl.html;237530
;2;;Comissão de Finanças;;1955-03-15;1959-03-13;RES 582/1955;https://www2.camara.leg.br/legin/fed/rescad/1950-1959/resolucaodacamaradosdeputados-582-31-janeiro-1955-319701-publicacaooriginal-1-pl.html;237530
;2;;Comissão de Legislação Social;;1955-03-15;1959-03-13;RES 582/1955;https://www2.camara.leg.br/legin/fed/rescad/1950-1959/resolucaodacamaradosdeputados-582-31-janeiro-1955-319701-publicacaooriginal-1-pl.html;237530
;2;;Comissão de Orçamento e Fiscalização Financeira;;1955-03-15;1959-03-13;RES 582/1955;https://www2.camara.leg.br/legin/fed/rescad/1950-1959/resolucaodacamaradosdeputados-582-31-janeiro-1955-319701-publicacaooriginal-1-pl.html;237530
;2;;Comissão de Redação;;1955-03-15;1959-03-13;RES 582/1955;https://www2.camara.leg.br/legin/fed/rescad/1950-1959/resolucaodacamaradosdeputados-582-31-janeiro-1955-319701-publicacaooriginal-1-pl.html;237530
;2;;Comissão de Saúde;;1955-03-15;1959-03-13;RES 582/1955;https://www2.camara.leg.br/legin/fed/rescad/1950-1959/resolucaodacamaradosdeputados-582-31-janeiro-1955-319701-publicacaooriginal-1-pl.html;237530
;2;;Comissão de Segurança Nacional;;1955-03-15;1959-03-13;RES 582/1955;https://www2.camara.leg.br/legin/fed/rescad/1950-1959/resolucaodacamaradosdeputados-582-31-janeiro-1955-319701-publicacaooriginal-1-pl.html;237530
;2;;Comissão de Serviço Público;;1955-03-15;1959-03-13;RES 582/1955;https://www2.camara.leg.br/legin/fed/rescad/1950-1959/resolucaodacamaradosdeputados-582-31-janeiro-1955-319701-publicacaooriginal-1-pl.html;237530
;2;;Comissão de Transportes, Comunicações e Obras Públicas;;1955-03-15;1959-03-13;RES 582/1955;https://www2.camara.leg.br/legin/fed/rescad/1950-1959/resolucaodacamaradosdeputados-582-31-janeiro-1955-319701-publicacaooriginal-1-pl.html;237530
;2;;Comissão de Constituição e Justiça;;1951-03-10;1955-03-14;RES 34/1949;https://www2.camara.leg.br/legin/fed/rescad/1940-1949/resolucaodacamaradosdeputados-34-19-agosto-1949-319566-publicacaooriginal-1-pl.html;235248
;2;;Comissão de Diplomacia;;1951-03-10;1955-03-14;RES 34/1949;https://www2.camara.leg.br/legin/fed/rescad/1940-1949/resolucaodacamaradosdeputados-34-19-agosto-1949-319566-publicacaooriginal-1-pl.html;235248
;2;;Comissão de Economia;;1951-03-10;1955-03-14;RES 34/1949;https://www2.camara.leg.br/legin/fed/rescad/1940-1949/resolucaodacamaradosdeputados-34-19-agosto-1949-319566-publicacaooriginal-1-pl.html;235248
;2;;Comissão de Educação e Cultura;;1951-03-10;1955-03-14;RES 34/1949;https://www2.camara.leg.br/legin/fed/rescad/1940-1949/resolucaodacamaradosdeputados-34-19-agosto-1949-319566-publicacaooriginal-1-pl.html;235248
;2;;Comissão de Finanças;;1951-03-10;1955-03-14;RES 34/1949;https://www2.camara.leg.br/legin/fed/rescad/1940-1949/resolucaodacamaradosdeputados-34-19-agosto-1949-319566-publicacaooriginal-1-pl.html;235248
;2;;Comissão de Legislação Social;;1951-03-10;1955-03-14;RES 34/1949;https://www2.camara.leg.br/legin/fed/rescad/1940-1949/resolucaodacamaradosdeputados-34-19-agosto-1949-319566-publicacaooriginal-1-pl.html;235248
;2;;Comissão de Redação;;1951-03-10;1955-03-14;RES 34/1949;https://www2.camara.leg.br/legin/fed/rescad/1940-1949/resolucaodacamaradosdeputados-34-19-agosto-1949-319566-publicacaooriginal-1-pl.html;235248
;2;;Comissão de Saúde Pública;;1951-03-10;1955-03-14;RES 34/1949;https://www2.camara.leg.br/legin/fed/rescad/1940-1949/resolucaodacamaradosdeputados-34-19-agosto-1949-319566-publicacaooriginal-1-pl.html;235248
;2;;Comissão de Segurança Nacional;;1951-03-10;1955-03-14;RES 34/1949;https://www2.camara.leg.br/legin/fed/rescad/1940-1949/resolucaodacamaradosdeputados-34-19-agosto-1949-319566-publicacaooriginal-1-pl.html;235248
;2;174;Comissão de Serviço Público Civil;CSPC;1951-03-10;1955-03-14;RES 34/1949;https://www2.camara.leg.br/legin/fed/rescad/1940-1949/resolucaodacamaradosdeputados-34-19-agosto-1949-319566-publicacaooriginal-1-pl.html;235248
;2;371;Comissão de Tomada de Contas;CTC;1951-03-10;1955-03-14;RES 34/1949;https://www2.camara.leg.br/legin/fed/rescad/1940-1949/resolucaodacamaradosdeputados-34-19-agosto-1949-319566-publicacaooriginal-1-pl.html;235248
;2;;Comissão de Transportes, Comunicações e Obras Públicas;;1951-03-10;1955-03-14;RES 34/1949;https://www2.camara.leg.br/legin/fed/rescad/1940-1949/resolucaodacamaradosdeputados-34-19-agosto-1949-319566-publicacaooriginal-1-pl.html;235248
;2;;Comissão de Agricultura;;1947-09-09;1951-03-09;RES 10/1947;https://www2.camara.leg.br/legin/fed/rescad/1940-1949/resolucaodacamaradosdeputados-10-5-setembro-1947-321354-norma-pl.html;234925
;2;;Comissão de Constituição e Justiça;;1947-09-09;1951-03-09;RES 10/1947;https://www2.camara.leg.br/legin/fed/rescad/1940-1949/resolucaodacamaradosdeputados-10-5-setembro-1947-321354-norma-pl.html;234925
;2;;Comissão de Diplomacia;;1947-09-09;1951-03-09;RES 10/1947;https://www2.camara.leg.br/legin/fed/rescad/1940-1949/resolucaodacamaradosdeputados-10-5-setembro-1947-321354-norma-pl.html;234925
;2;;Comissão de Educação e Cultura;;1947-09-09;1951-03-09;RES 10/1947;https://www2.camara.leg.br/legin/fed/rescad/1940-1949/resolucaodacamaradosdeputados-10-5-setembro-1947-321354-norma-pl.html;234925
;2;;Comissão de Finanças;;1947-09-09;1951-03-09;RES 10/1947;https://www2.camara.leg.br/legin/fed/rescad/1940-1949/resolucaodacamaradosdeputados-10-5-setembro-1947-321354-norma-pl.html;234925
;2;;Comissão de Indústria e Comércio;;1947-09-09;1951-03-09;RES 10/1947;https://www2.camara.leg.br/legin/fed/rescad/1940-1949/resolucaodacamaradosdeputados-10-5-setembro-1947-321354-norma-pl.html;234925
;2;;Comissão de Legislação Social;;1947-09-09;1951-03-09;RES 10/1947;https://www2.camara.leg.br/legin/fed/rescad/1940-1949/resolucaodacamaradosdeputados-10-5-setembro-1947-321354-norma-pl.html;234925
;2;;Comissão de Obras Públicas;;1947-09-09;1951-03-09;RES 10/1947;https://www2.camara.leg.br/legin/fed/rescad/1940-1949/resolucaodacamaradosdeputados-10-5-setembro-1947-321354-norma-pl.html;234925
;2;;Comissão de Redação;;1947-09-09;1951-03-09;RES 10/1947;https://www2.camara.leg.br/legin/fed/rescad/1940-1949/resolucaodacamaradosdeputados-10-5-setembro-1947-321354-norma-pl.html;234925
;2;;Comissão de Saúde Pública;;1947-09-09;1951-03-09;RES 10/1947;https://www2.camara.leg.br/legin/fed/rescad/1940-1949/resolucaodacamaradosdeputados-10-5-setembro-1947-321354-norma-pl.html;234925
;2;;Comissão de Segurança Nacional;;1947-09-09;1951-03-09;RES 10/1947;https://www2.camara.leg.br/legin/fed/rescad/1940-1949/resolucaodacamaradosdeputados-10-5-setembro-1947-321354-norma-pl.html;234925
;2;;Comissão de Serviço Público Civil;;1947-09-09;1951-03-09;RES 10/1947;https://www2.camara.leg.br/legin/fed/rescad/1940-1949/resolucaodacamaradosdeputados-10-5-setembro-1947-321354-norma-pl.html;234925
;2;;Comissão de Tomada de Contas;;1947-09-09;1951-03-09;RES 10/1947;https://www2.camara.leg.br/legin/fed/rescad/1940-1949/resolucaodacamaradosdeputados-10-5-setembro-1947-321354-norma-pl.html;234925
;2;;Comissão de Transportes e Comunicações;;1947-09-09;1951-03-09;RES 10/1947;https://www2.camara.leg.br/legin/fed/rescad/1940-1949/resolucaodacamaradosdeputados-10-5-setembro-1947-321354-norma-pl.html;234925
;2;;Commissão de Agricultura;;1936-08-14;1947-09-08;RES 3/1936;https://www2.camara.leg.br/legin/fed/rescad/1930-1939/resolucaodacamaradosdeputados-3-13-agosto-1936-545646-publicacaooriginal-58908-pl.html;
;2;;Commissão de Constituição e Justiça;;1936-08-14;1947-09-08;RES 3/1936;https://www2.camara.leg.br/legin/fed/rescad/1930-1939/resolucaodacamaradosdeputados-3-13-agosto-1936-545646-publicacaooriginal-58908-pl.html;
;2;314;Commissão de Diplomacia e Tratados;CDT;1936-08-14;1947-09-08;RES 3/1936;https://www2.camara.leg.br/legin/fed/rescad/1930-1939/resolucaodacamaradosdeputados-3-13-agosto-1936-545646-publicacaooriginal-58908-pl.html;
;2;;Commissão de Educação e Cultura;;1936-08-14;1947-09-08;RES 3/1936;https://www2.camara.leg.br/legin/fed/rescad/1930-1939/resolucaodacamaradosdeputados-3-13-agosto-1936-545646-publicacaooriginal-58908-pl.html;
;2;316;Commissão de Finanças e Orçamento;CFO;1936-08-14;1947-09-08;RES 3/1936;https://www2.camara.leg.br/legin/fed/rescad/1930-1939/resolucaodacamaradosdeputados-3-13-agosto-1936-545646-publicacaooriginal-58908-pl.html;
;2;;Commissão de Industria e Commercio;;1936-08-14;1947-09-08;RES 3/1936;https://www2.camara.leg.br/legin/fed/rescad/1930-1939/resolucaodacamaradosdeputados-3-13-agosto-1936-545646-publicacaooriginal-58908-pl.html;
;2;;Commissão de Legislação Social;;1936-08-14;1947-09-08;RES 3/1936;https://www2.camara.leg.br/legin/fed/rescad/1930-1939/resolucaodacamaradosdeputados-3-13-agosto-1936-545646-publicacaooriginal-58908-pl.html;
;2;;Commissão de Obras Publicas;;1936-08-14;1947-09-08;RES 3/1936;https://www2.camara.leg.br/legin/fed/rescad/1930-1939/resolucaodacamaradosdeputados-3-13-agosto-1936-545646-publicacaooriginal-58908-pl.html;
;2;;Commissão de Redacção;;1936-08-14;1947-09-08;RES 3/1936;https://www2.camara.leg.br/legin/fed/rescad/1930-1939/resolucaodacamaradosdeputados-3-13-agosto-1936-545646-publicacaooriginal-58908-pl.html;
;2;;Commissão de Saude Publica;;1936-08-14;1947-09-08;RES 3/1936;https://www2.camara.leg.br/legin/fed/rescad/1930-1939/resolucaodacamaradosdeputados-3-13-agosto-1936-545646-publicacaooriginal-58908-pl.html;
;2;;Commissão de Segurança Nacional;;1936-08-14;1947-09-08;RES 3/1936;https://www2.camara.leg.br/legin/fed/rescad/1930-1939/resolucaodacamaradosdeputados-3-13-agosto-1936-545646-publicacaooriginal-58908-pl.html;
;2;;Commissão de Tomada de Contas;;1936-08-14;1947-09-08;RES 3/1936;https://www2.camara.leg.br/legin/fed/rescad/1930-1939/resolucaodacamaradosdeputados-3-13-agosto-1936-545646-publicacaooriginal-58908-pl.html;
;2;;Commissão de Transportes e Communicações;;1936-08-14;1947-09-08;RES 3/1936;https://www2.camara.leg.br/legin/fed/rescad/1930-1939/resolucaodacamaradosdeputados-3-13-agosto-1936-545646-publicacaooriginal-58908-pl.html;
;2;;Commissão Executiva;;1936-08-14;1947-09-08;RES 3/1936;https://www2.camara.leg.br/legin/fed/rescad/1930-1939/resolucaodacamaradosdeputados-3-13-agosto-1936-545646-publicacaooriginal-58908-pl.html;
;2;;Commissão de Agricultura, Industria e Commercio;;1934-08-11;1936-08-13;Regimento Interno 1934;http://bd.camara.gov.br/bd/bitstream/handle/bdcamara/14016/regimento_camara_1934.pdf?sequence=2;
;2;;Commissão de Constituição e Justiça;;1934-08-11;1936-08-13;Regimento Interno 1934;http://bd.camara.gov.br/bd/bitstream/handle/bdcamara/14016/regimento_camara_1934.pdf?sequence=2;
;2;;Commissão de Diplomacia e Tratados;;1934-08-11;1936-08-13;Regimento Interno 1934;http://bd.camara.gov.br/bd/bitstream/handle/bdcamara/14016/regimento_camara_1934.pdf?sequence=2;
;2;;Commissão de Educação e Cultura;;1934-08-11;1936-08-13;Regimento Interno 1934;http://bd.camara.gov.br/bd/bitstream/handle/bdcamara/14016/regimento_camara_1934.pdf?sequence=2;
;2;;Commissão de Finanças;;1934-08-11;1936-08-13;Regimento Interno 1934;http://bd.camara.gov.br/bd/bitstream/handle/bdcamara/14016/regimento_camara_1934.pdf?sequence=2;
;2;;Commissão de Legislação Social;;1934-08-11;1936-08-13;Regimento Interno 1934;http://bd.camara.gov.br/bd/bitstream/handle/bdcamara/14016/regimento_camara_1934.pdf?sequence=2;
;2;;Commissão de Obras Publicas, Transportes e Communicações;;1934-08-11;1936-08-13;Regimento Interno 1934;http://bd.camara.gov.br/bd/bitstream/handle/bdcamara/14016/regimento_camara_1934.pdf?sequence=2;
;2;;Commissão de Orçamento;;1934-08-11;1936-08-13;Regimento Interno 1934;http://bd.camara.gov.br/bd/bitstream/handle/bdcamara/14016/regimento_camara_1934.pdf?sequence=2;
;2;;Commissão de Redacção;;1934-08-11;1936-08-13;Regimento Interno 1934;http://bd.camara.gov.br/bd/bitstream/handle/bdcamara/14016/regimento_camara_1934.pdf?sequence=2;
;2;;Commissão de Saude Publica;;1934-08-11;1936-08-13;Regimento Interno 1934;http://bd.camara.gov.br/bd/bitstream/handle/bdcamara/14016/regimento_camara_1934.pdf?sequence=2;
;2;;Commissão de Segurança Nacional;;1934-08-11;1936-08-13;Regimento Interno 1934;http://bd.camara.gov.br/bd/bitstream/handle/bdcamara/14016/regimento_camara_1934.pdf?sequence=2;
;2;;Commissão de Tomada de Contas;;1934-08-11;1936-08-13;Regimento Interno 1934;http://bd.camara.gov.br/bd/bitstream/handle/bdcamara/14016/regimento_camara_1934.pdf?sequence=2;
;2;;Commissão Executiva;;1934-08-11;1936-08-13;Regimento Interno 1934;http://bd.camara.gov.br/bd/bitstream/handle/bdcamara/14016/regimento_camara_1934.pdf?sequence=2;
;2;;Commissão da Policia;;1928-01-18;;Regimento Interno 1928;bd.camara.leg.br/bd/bitstream/handle/bdcamara/13982/regimento%20_camara_1928.pdf?sequence=3;
;2;;Commissão de Agricultura, Industria e Commercio;;1928-01-18;;Regimento Interno 1928;bd.camara.leg.br/bd/bitstream/handle/bdcamara/13982/regimento%20_camara_1928.pdf?sequence=3;
;2;;Commissão de Constituição e Justiça;;1928-01-18;;Regimento Interno 1928;bd.camara.leg.br/bd/bitstream/handle/bdcamara/13982/regimento%20_camara_1928.pdf?sequence=3;
;2;;Commissão de Diplomacia e Tratados;;1928-01-18;;Regimento Interno 1928;bd.camara.leg.br/bd/bitstream/handle/bdcamara/13982/regimento%20_camara_1928.pdf?sequence=3;
;2;;Commissão de Finanças;;1928-01-18;;Regimento Interno 1928;bd.camara.leg.br/bd/bitstream/handle/bdcamara/13982/regimento%20_camara_1928.pdf?sequence=3;
;2;;Commissão de Instrucção;;1928-01-18;;Regimento Interno 1928;bd.camara.leg.br/bd/bitstream/handle/bdcamara/13982/regimento%20_camara_1928.pdf?sequence=3;
;2;;Commissão de Marinha e Guerra;;1928-01-18;;Regimento Interno 1928;bd.camara.leg.br/bd/bitstream/handle/bdcamara/13982/regimento%20_camara_1928.pdf?sequence=3;
;2;;Commissão de Obras Publicas;;1928-01-18;;Regimento Interno 1928;bd.camara.leg.br/bd/bitstream/handle/bdcamara/13982/regimento%20_camara_1928.pdf?sequence=3;
;2;;Commissão de Poderes;;1928-01-18;;Regimento Interno 1928;bd.camara.leg.br/bd/bitstream/handle/bdcamara/13982/regimento%20_camara_1928.pdf?sequence=3;
;2;;Commissão de Redacção;;1928-01-18;;Regimento Interno 1928;bd.camara.leg.br/bd/bitstream/handle/bdcamara/13982/regimento%20_camara_1928.pdf?sequence=3;
;2;;Commissão de Saude Publica;;1928-01-18;;Regimento Interno 1928;bd.camara.leg.br/bd/bitstream/handle/bdcamara/13982/regimento%20_camara_1928.pdf?sequence=3;
;2;;Commissão de Tomada de Contas;;1928-01-18;;Regimento Interno 1928;bd.camara.leg.br/bd/bitstream/handle/bdcamara/13982/regimento%20_camara_1928.pdf?sequence=3;
;2;;Commissão da Policia;;1915-01-28;;Regimento Interno 1915;http://bd.camara.gov.br/bd/bitstream/handle/bdcamara/13981/regimento_camara_1915.pdf?sequence=1;
;2;;Commissão de Agricultura e Industria;;1915-01-28;;Regimento Interno 1915;http://bd.camara.gov.br/bd/bitstream/handle/bdcamara/13981/regimento_camara_1915.pdf?sequence=1;
;2;;Commissão de Constituição e Justiça;;1915-01-28;;Regimento Interno 1915;http://bd.camara.gov.br/bd/bitstream/handle/bdcamara/13981/regimento_camara_1915.pdf?sequence=1;
;2;;Commissão de Diplomacia e Tratados;;1915-01-28;;Regimento Interno 1915;http://bd.camara.gov.br/bd/bitstream/handle/bdcamara/13981/regimento_camara_1915.pdf?sequence=1;
;2;;Commissão de Finanças;;1915-01-28;;Regimento Interno 1915;http://bd.camara.gov.br/bd/bitstream/handle/bdcamara/13981/regimento_camara_1915.pdf?sequence=1;
;2;;Commissão de Instrucção Publica;;1915-01-28;;Regimento Interno 1915;http://bd.camara.gov.br/bd/bitstream/handle/bdcamara/13981/regimento_camara_1915.pdf?sequence=1;
;2;;Commissão de Marinha e Guerra;;1915-01-28;;Regimento Interno 1915;http://bd.camara.gov.br/bd/bitstream/handle/bdcamara/13981/regimento_camara_1915.pdf?sequence=1;
;2;;Commissão de Obras Publicas e Viação;;1915-01-28;;Regimento Interno 1915;http://bd.camara.gov.br/bd/bitstream/handle/bdcamara/13981/regimento_camara_1915.pdf?sequence=1;
;2;;Commissão de Petições e Poderes;;1915-01-28;;Regimento Interno 1915;http://bd.camara.gov.br/bd/bitstream/handle/bdcamara/13981/regimento_camara_1915.pdf?sequence=1;
;2;;Commissão de Redacção;;1915-01-28;;Regimento Interno 1915;http://bd.camara.gov.br/bd/bitstream/handle/bdcamara/13981/regimento_camara_1915.pdf?sequence=1;
;2;;Commissão de Saude Publica;;1915-01-28;;Regimento Interno 1915;http://bd.camara.gov.br/bd/bitstream/handle/bdcamara/13981/regimento_camara_1915.pdf?sequence=1;
;2;;Commissão de Tomada de Contas;;1915-01-28;;Regimento Interno 1915;http://bd.camara.gov.br/bd/bitstream/handle/bdcamara/13981/regimento_camara_1915.pdf?sequence=1;
;2;;Comissão de Agricultura e Industria;;;;Regimento Interno 1904;http://bd.camara.gov.br/bd/bitstream/handle/bdcamara/14139/regimento_camara_1904.pdf?sequence=4;
;2;;Comissão de Finanças;;;;Regimento Interno 1904;http://bd.camara.gov.br/bd/bitstream/handle/bdcamara/14139/regimento_camara_1904.pdf?sequence=4;
;2;;Comissão de Tomada de Contas;;;;Regimento Interno 1904;http://bd.camara.gov.br/bd/bitstream/handle/bdcamara/14139/regimento_camara_1904.pdf?sequence=4;
;2;;Comissão de Petições e Poderes;;;;Regimento Interno 1904;http://bd.camara.gov.br/bd/bitstream/handle/bdcamara/14139/regimento_camara_1904.pdf?sequence=4;
;2;;Comissão de Constituição e Justiça;;;;Regimento Interno 1904;http://bd.camara.gov.br/bd/bitstream/handle/bdcamara/14139/regimento_camara_1904.pdf?sequence=4;
;2;;Comissão de Redacção;;;;Regimento Interno 1904;http://bd.camara.gov.br/bd/bitstream/handle/bdcamara/14139/regimento_camara_1904.pdf?sequence=4;
;2;;Comissão de Diplomacia e Tratados;;;;Regimento Interno 1904;http://bd.camara.gov.br/bd/bitstream/handle/bdcamara/14139/regimento_camara_1904.pdf?sequence=4;
;2;;Comissão de Marinha e Guerra;;;;Regimento Interno 1904;http://bd.camara.gov.br/bd/bitstream/handle/bdcamara/14139/regimento_camara_1904.pdf?sequence=4;
;2;;Comissão de Instrucção Publica;;;;Regimento Interno 1904;http://bd.camara.gov.br/bd/bitstream/handle/bdcamara/14139/regimento_camara_1904.pdf?sequence=4;
;2;;Comissão de Saude Publica;;;;Regimento Interno 1904;http://bd.camara.gov.br/bd/bitstream/handle/bdcamara/14139/regimento_camara_1904.pdf?sequence=4;
;2;;Comissão da Policia;;;;Regimento Interno 1904;http://bd.camara.gov.br/bd/bitstream/handle/bdcamara/14139/regimento_camara_1904.pdf?sequence=4;
;2;;Comissão de Obras Publicas e Viação;;;;Regimento Interno 1904;http://bd.camara.gov.br/bd/bitstream/handle/bdcamara/14139/regimento_camara_1904.pdf?sequence=4;
;2;;Comissão de Fazenda e Industria;;;;Regimento Interno 1901;http://bd.camara.gov.br/bd/bitstream/handle/bdcamara/16925/regimento_1901_camara_ex5.pdf?sequence=1;
;2;;Comissão de Orçamento;;;;Regimento Interno 1901;http://bd.camara.gov.br/bd/bitstream/handle/bdcamara/16925/regimento_1901_camara_ex5.pdf?sequence=1;
;2;;Comissão de Pensões e Contas;;;;Regimento Interno 1901;http://bd.camara.gov.br/bd/bitstream/handle/bdcamara/16925/regimento_1901_camara_ex5.pdf?sequence=1;
;2;;Comissão de Petições e Poderes;;;;Regimento Interno 1901;http://bd.camara.gov.br/bd/bitstream/handle/bdcamara/16925/regimento_1901_camara_ex5.pdf?sequence=1;
;2;;Comissão de Constituição, Legislação e Justiça;;;;Regimento Interno 1901;http://bd.camara.gov.br/bd/bitstream/handle/bdcamara/16925/regimento_1901_camara_ex5.pdf?sequence=1;
;2;;Comissão de Redacção das Leis;;;;Regimento Interno 1901;http://bd.camara.gov.br/bd/bitstream/handle/bdcamara/16925/regimento_1901_camara_ex5.pdf?sequence=1;
;2;;Comissão de Diplomacia e Tratados;;;;Regimento Interno 1901;http://bd.camara.gov.br/bd/bitstream/handle/bdcamara/16925/regimento_1901_camara_ex5.pdf?sequence=1;
;2;;Comissão de Marinha e Guerra;;;;Regimento Interno 1901;http://bd.camara.gov.br/bd/bitstream/handle/bdcamara/16925/regimento_1901_camara_ex5.pdf?sequence=1;
;2;;Comissão de Instrucção e Saude Publica;;;;Regimento Interno 1901;http://bd.camara.gov.br/bd/bitstream/handle/bdcamara/16925/regimento_1901_camara_ex5.pdf?sequence=1;
;2;;Comissão da Policia;;;;Regimento Interno 1901;http://bd.camara.gov.br/bd/bitstream/handle/bdcamara/16925/regimento_1901_camara_ex5.pdf?sequence=1;
;2;;Comissão de Obras Publicas e Colonisação;;;;Regimento Interno 1901;http://bd.camara.gov.br/bd/bitstream/handle/bdcamara/16925/regimento_1901_camara_ex5.pdf?sequence=1;
;2;;Comissão de Tarifas;;;;Regimento Interno 1901;http://bd.camara.gov.br/bd/bitstream/handle/bdcamara/16925/regimento_1901_camara_ex5.pdf?sequence=1;
;2;;Comissão Agricultura, Minas e Bosques;;;;Regimento Interno 1881;http://bd.camara.gov.br/bd/bitstream/handle/bdcamara/14142/regimento_camara_1870_1881.pdf?sequence=3;
;2;;Comissão de Commercio, Industria e Artes;;;;Regimento Interno 1881;http://bd.camara.gov.br/bd/bitstream/handle/bdcamara/14142/regimento_camara_1870_1881.pdf?sequence=3;
;2;;Comissão de Fazenda;;;;Regimento Interno 1881;http://bd.camara.gov.br/bd/bitstream/handle/bdcamara/14142/regimento_camara_1870_1881.pdf?sequence=3;
;2;;Comissão de Orçamento;;;;Regimento Interno 1881;http://bd.camara.gov.br/bd/bitstream/handle/bdcamara/14142/regimento_camara_1870_1881.pdf?sequence=3;
;2;;Comissão de Contas;;;;Regimento Interno 1881;http://bd.camara.gov.br/bd/bitstream/handle/bdcamara/14142/regimento_camara_1870_1881.pdf?sequence=3;
;2;;Comissão de Pensões e Ordenados;;;;Regimento Interno 1881;http://bd.camara.gov.br/bd/bitstream/handle/bdcamara/14142/regimento_camara_1870_1881.pdf?sequence=3;
;2;;Comissão de Constituição e Poderes;;;;Regimento Interno 1881;http://bd.camara.gov.br/bd/bitstream/handle/bdcamara/14142/regimento_camara_1870_1881.pdf?sequence=3;
;2;;Comissão de Redacção das Leis;;;;Regimento Interno 1881;http://bd.camara.gov.br/bd/bitstream/handle/bdcamara/14142/regimento_camara_1870_1881.pdf?sequence=3;
;2;;Comissão de Justiça Civil;;;;Regimento Interno 1881;http://bd.camara.gov.br/bd/bitstream/handle/bdcamara/14142/regimento_camara_1870_1881.pdf?sequence=3;
;2;;Comissão de Justiça Criminal;;;;Regimento Interno 1881;http://bd.camara.gov.br/bd/bitstream/handle/bdcamara/14142/regimento_camara_1870_1881.pdf?sequence=3;
;2;;Comissão de Diplomacia;;;;Regimento Interno 1881;http://bd.camara.gov.br/bd/bitstream/handle/bdcamara/14142/regimento_camara_1870_1881.pdf?sequence=3;
;2;;Comissão de Marinha e Guerra;;;;Regimento Interno 1881;http://bd.camara.gov.br/bd/bitstream/handle/bdcamara/14142/regimento_camara_1870_1881.pdf?sequence=3;
;2;;Comissão de Instrucção Publica;;;;Regimento Interno 1881;http://bd.camara.gov.br/bd/bitstream/handle/bdcamara/14142/regimento_camara_1870_1881.pdf?sequence=3;
;2;;Comissão de Saude Publica;;;;Regimento Interno 1881;http://bd.camara.gov.br/bd/bitstream/handle/bdcamara/14142/regimento_camara_1870_1881.pdf?sequence=3;
;2;;Comissão da Policia da Casa;;;;Regimento Interno 1881;http://bd.camara.gov.br/bd/bitstream/handle/bdcamara/14142/regimento_camara_1870_1881.pdf?sequence=3;
;2;;Comissão de Camaras Municipaes;;;;Regimento Interno 1881;http://bd.camara.gov.br/bd/bitstream/handle/bdcamara/14142/regimento_camara_1870_1881.pdf?sequence=3;
;2;;Comissão de Assembléas Provinciaes;;;;Regimento Interno 1881;http://bd.camara.gov.br/bd/bitstream/handle/bdcamara/14142/regimento_camara_1870_1881.pdf?sequence=3;
;2;;Comissão de Negocios Ecclesiasticos;;;;Regimento Interno 1881;http://bd.camara.gov.br/bd/bitstream/handle/bdcamara/14142/regimento_camara_1870_1881.pdf?sequence=3;
;2;;Comissão de Estatistica, Colonisação, Catechese e Civilização dos Indios;;;;Regimento Interno 1881;http://bd.camara.gov.br/bd/bitstream/handle/bdcamara/14142/regimento_camara_1870_1881.pdf?sequence=3;
;2;;Comissão de Obras Publicas;;;;Regimento Interno 1881;http://bd.camara.gov.br/bd/bitstream/handle/bdcamara/14142/regimento_camara_1870_1881.pdf?sequence=3;
;2;;Comissão Agricultura, Minas e Bosques;;;;Regimento Interno 1874;http://bd.camara.gov.br/bd/bitstream/handle/bdcamara/16924/regimento_1874_camara.pdf?sequence=1;
;2;;Comissão de Commercio, Industria e Artes;;;;Regimento Interno 1874;http://bd.camara.gov.br/bd/bitstream/handle/bdcamara/16924/regimento_1874_camara.pdf?sequence=1;
;2;;Comissão de Fazenda;;;;Regimento Interno 1874;http://bd.camara.gov.br/bd/bitstream/handle/bdcamara/16924/regimento_1874_camara.pdf?sequence=1;
;2;;Comissão de Orçamento;;;;Regimento Interno 1874;http://bd.camara.gov.br/bd/bitstream/handle/bdcamara/16924/regimento_1874_camara.pdf?sequence=1;
;2;;Comissão de Contas;;;;Regimento Interno 1874;http://bd.camara.gov.br/bd/bitstream/handle/bdcamara/16924/regimento_1874_camara.pdf?sequence=1;
;2;;Comissão de Pensões e Ordenados;;;;Regimento Interno 1874;http://bd.camara.gov.br/bd/bitstream/handle/bdcamara/16924/regimento_1874_camara.pdf?sequence=1;
;2;;Comissão de Constituição e Poderes;;;;Regimento Interno 1874;http://bd.camara.gov.br/bd/bitstream/handle/bdcamara/16924/regimento_1874_camara.pdf?sequence=1;
;2;;Comissão de Redacção das Leis;;;;Regimento Interno 1874;http://bd.camara.gov.br/bd/bitstream/handle/bdcamara/16924/regimento_1874_camara.pdf?sequence=1;
;2;;Comissão de Justiça Civil;;;;Regimento Interno 1874;http://bd.camara.gov.br/bd/bitstream/handle/bdcamara/16924/regimento_1874_camara.pdf?sequence=1;
;2;;Comissão de Justiça Criminal;;;;Regimento Interno 1874;http://bd.camara.gov.br/bd/bitstream/handle/bdcamara/16924/regimento_1874_camara.pdf?sequence=1;
;2;;Comissão de Diplomacia;;;;Regimento Interno 1874;http://bd.camara.gov.br/bd/bitstream/handle/bdcamara/16924/regimento_1874_camara.pdf?sequence=1;
;2;;Comissão de Marinha e Guerra;;;;Regimento Interno 1874;http://bd.camara.gov.br/bd/bitstream/handle/bdcamara/16924/regimento_1874_camara.pdf?sequence=1;
;2;;Comissão de Instrucção Publica;;;;Regimento Interno 1874;http://bd.camara.gov.br/bd/bitstream/handle/bdcamara/16924/regimento_1874_camara.pdf?sequence=1;
;2;;Comissão de Saude Publica;;;;Regimento Interno 1874;http://bd.camara.gov.br/bd/bitstream/handle/bdcamara/16924/regimento_1874_camara.pdf?sequence=1;
;2;;Comissão da Policia da Casa;;;;Regimento Interno 1874;http://bd.camara.gov.br/bd/bitstream/handle/bdcamara/16924/regimento_1874_camara.pdf?sequence=1;
;2;;Comissão de Camaras Municipaes;;;;Regimento Interno 1874;http://bd.camara.gov.br/bd/bitstream/handle/bdcamara/16924/regimento_1874_camara.pdf?sequence=1;
;2;;Comissão de Assembléas Provinciaes;;;;Regimento Interno 1874;http://bd.camara.gov.br/bd/bitstream/handle/bdcamara/16924/regimento_1874_camara.pdf?sequence=1;
;2;;Comissão de Negocios Ecclesiasticos;;;;Regimento Interno 1874;http://bd.camara.gov.br/bd/bitstream/handle/bdcamara/16924/regimento_1874_camara.pdf?sequence=1;
;2;;Comissão de Estatistica, Colonisação, Catechese e Civilização dos Indios;;;;Regimento Interno 1874;http://bd.camara.gov.br/bd/bitstream/handle/bdcamara/16924/regimento_1874_camara.pdf?sequence=1;
;2;;Comissão de Obras Publicas;;;;Regimento Interno 1874;http://bd.camara.gov.br/bd/bitstream/handle/bdcamara/16924/regimento_1874_camara.pdf?sequence=1;
;2;;Comissão Agricultura, Minas e Bosques;;;;Regimento Interno 1871;http://bd.camara.gov.br/bd/bitstream/handle/bdcamara/16921/regimento_1871_camara_ex5.pdf?sequence=1;
;2;;Comissão de Commercio, Industria e Artes;;;;Regimento Interno 1871;http://bd.camara.gov.br/bd/bitstream/handle/bdcamara/16921/regimento_1871_camara_ex5.pdf?sequence=1;
;2;;Comissão de Fazenda;;;;Regimento Interno 1871;http://bd.camara.gov.br/bd/bitstream/handle/bdcamara/16921/regimento_1871_camara_ex5.pdf?sequence=1;
;2;;Comissão de Orçamento;;;;Regimento Interno 1871;http://bd.camara.gov.br/bd/bitstream/handle/bdcamara/16921/regimento_1871_camara_ex5.pdf?sequence=1;
;2;;Comissão de Contas;;;;Regimento Interno 1871;http://bd.camara.gov.br/bd/bitstream/handle/bdcamara/16921/regimento_1871_camara_ex5.pdf?sequence=1;
;2;;Comissão de Pensões e Ordenados;;;;Regimento Interno 1871;http://bd.camara.gov.br/bd/bitstream/handle/bdcamara/16921/regimento_1871_camara_ex5.pdf?sequence=1;
;2;;Comissão de Constituição e Poderes;;;;Regimento Interno 1871;http://bd.camara.gov.br/bd/bitstream/handle/bdcamara/16921/regimento_1871_camara_ex5.pdf?sequence=1;
;2;;Comissão de Redacção das Leis;;;;Regimento Interno 1871;http://bd.camara.gov.br/bd/bitstream/handle/bdcamara/16921/regimento_1871_camara_ex5.pdf?sequence=1;
;2;;Comissão de Justiça Civil;;;;Regimento Interno 1871;http://bd.camara.gov.br/bd/bitstream/handle/bdcamara/16921/regimento_1871_camara_ex5.pdf?sequence=1;
;2;;Comissão de Justiça Criminal;;;;Regimento Interno 1871;http://bd.camara.gov.br/bd/bitstream/handle/bdcamara/16921/regimento_1871_camara_ex5.pdf?sequence=1;
;2;;Comissão de Diplomacia;;;;Regimento Interno 1871;http://bd.camara.gov.br/bd/bitstream/handle/bdcamara/16921/regimento_1871_camara_ex5.pdf?sequence=1;
;2;;Comissão de Marinha e Guerra;;;;Regimento Interno 1871;http://bd.camara.gov.br/bd/bitstream/handle/bdcamara/16921/regimento_1871_camara_ex5.pdf?sequence=1;
;2;;Comissão de Instrucção Publica;;;;Regimento Interno 1871;http://bd.camara.gov.br/bd/bitstream/handle/bdcamara/16921/regimento_1871_camara_ex5.pdf?sequence=1;
;2;;Comissão de Saude Publica;;;;Regimento Interno 1871;http://bd.camara.gov.br/bd/bitstream/handle/bdcamara/16921/regimento_1871_camara_ex5.pdf?sequence=1;
;2;;Comissão da Policia da Casa;;;;Regimento Interno 1871;http://bd.camara.gov.br/bd/bitstream/handle/bdcamara/16921/regimento_1871_camara_ex5.pdf?sequence=1;
;2;;Comissão de Camaras Municipaes;;;;Regimento Interno 1871;http://bd.camara.gov.br/bd/bitstream/handle/bdcamara/16921/regimento_1871_camara_ex5.pdf?sequence=1;
;2;;Comissão de Assembléas Provinciaes;;;;Regimento Interno 1871;http://bd.camara.gov.br/bd/bitstream/handle/bdcamara/16921/regimento_1871_camara_ex5.pdf?sequence=1;
;2;;Comissão de Negocios Ecclesiasticos;;;;Regimento Interno 1871;http://bd.camara.gov.br/bd/bitstream/handle/bdcamara/16921/regimento_1871_camara_ex5.pdf?sequence=1;
;2;;Comissão de Estatistica, Colonisação, Catechese e Civilização dos Indios;;;;Regimento Interno 1871;http://bd.camara.gov.br/bd/bitstream/handle/bdcamara/16921/regimento_1871_camara_ex5.pdf?sequence=1;
;2;;Comissão de Obras Publicas;;;;Regimento Interno 1871;http://bd.camara.gov.br/bd/bitstream/handle/bdcamara/16921/regimento_1871_camara_ex5.pdf?sequence=1;
;2;;Comissão Agricultura, Minas e Bosques;;;;Regimento Interno 1868;http://bd.camara.gov.br/bd/bitstream/handle/bdcamara/16923/regimento_1868_camara_ex8.pdf?sequence=1;
;2;;Comissão de Commercio, Industria e Artes;;;;Regimento Interno 1868;http://bd.camara.gov.br/bd/bitstream/handle/bdcamara/16923/regimento_1868_camara_ex8.pdf?sequence=1;
;2;;Comissão de Fazenda;;;;Regimento Interno 1868;http://bd.camara.gov.br/bd/bitstream/handle/bdcamara/16923/regimento_1868_camara_ex8.pdf?sequence=1;
;2;;Comissão Primeira de Orçamento e Contas;;;;Regimento Interno 1868;http://bd.camara.gov.br/bd/bitstream/handle/bdcamara/16923/regimento_1868_camara_ex8.pdf?sequence=1;
;2;;Comissão Segunda Imperio;;;;Regimento Interno 1868;http://bd.camara.gov.br/bd/bitstream/handle/bdcamara/16923/regimento_1868_camara_ex8.pdf?sequence=1;
;2;;Comissão Terceira Justiça e Estrangeiros;;;;Regimento Interno 1868;http://bd.camara.gov.br/bd/bitstream/handle/bdcamara/16923/regimento_1868_camara_ex8.pdf?sequence=1;
;2;;Comissão Quarta Marinha;;;;Regimento Interno 1868;http://bd.camara.gov.br/bd/bitstream/handle/bdcamara/16923/regimento_1868_camara_ex8.pdf?sequence=1;
;2;;Comissão Quinta Guerra;;;;Regimento Interno 1868;http://bd.camara.gov.br/bd/bitstream/handle/bdcamara/16923/regimento_1868_camara_ex8.pdf?sequence=1;
;2;;Comissão Sexta Agricultura;;;;Regimento Interno 1868;http://bd.camara.gov.br/bd/bitstream/handle/bdcamara/16923/regimento_1868_camara_ex8.pdf?sequence=1;
;2;;Comissão de Exame do Thesouro;;;;Regimento Interno 1868;http://bd.camara.gov.br/bd/bitstream/handle/bdcamara/16923/regimento_1868_camara_ex8.pdf?sequence=1;
;2;;Comissão de Pensões e Ordenados;;;;Regimento Interno 1868;http://bd.camara.gov.br/bd/bitstream/handle/bdcamara/16923/regimento_1868_camara_ex8.pdf?sequence=1;
;2;;Comissão de Constituição e Poderes;;;;Regimento Interno 1868;http://bd.camara.gov.br/bd/bitstream/handle/bdcamara/16923/regimento_1868_camara_ex8.pdf?sequence=1;
;2;;Comissão de Redacção das Leis;;;;Regimento Interno 1868;http://bd.camara.gov.br/bd/bitstream/handle/bdcamara/16923/regimento_1868_camara_ex8.pdf?sequence=1;
;2;;Comissão de Justiça Civil;;;;Regimento Interno 1868;http://bd.camara.gov.br/bd/bitstream/handle/bdcamara/16923/regimento_1868_camara_ex8.pdf?sequence=1;
;2;;Comissão de Justiça Criminal;;;;Regimento Interno 1868;http://bd.camara.gov.br/bd/bitstream/handle/bdcamara/16923/regimento_1868_camara_ex8.pdf?sequence=1;
;2;;Comissão de Diplomacia;;;;Regimento Interno 1868;http://bd.camara.gov.br/bd/bitstream/handle/bdcamara/16923/regimento_1868_camara_ex8.pdf?sequence=1;
;2;;Comissão de Marinha e Guerra;;;;Regimento Interno 1868;http://bd.camara.gov.br/bd/bitstream/handle/bdcamara/16923/regimento_1868_camara_ex8.pdf?sequence=1;
;2;;Comissão de Instrucção Publica;;;;Regimento Interno 1868;http://bd.camara.gov.br/bd/bitstream/handle/bdcamara/16923/regimento_1868_camara_ex8.pdf?sequence=1;
;2;;Comissão de Saude Publica;;;;Regimento Interno 1868;http://bd.camara.gov.br/bd/bitstream/handle/bdcamara/16923/regimento_1868_camara_ex8.pdf?sequence=1;
;2;;Comissão da Policia da Casa;;;;Regimento Interno 1868;http://bd.camara.gov.br/bd/bitstream/handle/bdcamara/16923/regimento_1868_camara_ex8.pdf?sequence=1;
;2;;Comissão de Camaras Municipaes;;;;Regimento Interno 1868;http://bd.camara.gov.br/bd/bitstream/handle/bdcamara/16923/regimento_1868_camara_ex8.pdf?sequence=1;
;2;;Comissão de Assembléas Provinciaes;;;;Regimento Interno 1868;http://bd.camara.gov.br/bd/bitstream/handle/bdcamara/16923/regimento_1868_camara_ex8.pdf?sequence=1;
;2;;Comissão de Negocios Ecclesiasticos;;;;Regimento Interno 1868;http://bd.camara.gov.br/bd/bitstream/handle/bdcamara/16923/regimento_1868_camara_ex8.pdf?sequence=1;
;2;;Comissão de Estatistica, Colonisação, Catechese e Civilização dos Indios;;;;Regimento Interno 1868;http://bd.camara.gov.br/bd/bitstream/handle/bdcamara/16923/regimento_1868_camara_ex8.pdf?sequence=1;
;2;;Comissão de Obras Publicas;;;;Regimento Interno 1868;http://bd.camara.gov.br/bd/bitstream/handle/bdcamara/16923/regimento_1868_camara_ex8.pdf?sequence=1;
;2;;Comissão Agricultura, Minas e Bosques;;;;Regimento Interno 1857 – nota;http://bd.camara.gov.br/bd/bitstream/handle/bdcamara/14125/regimento_camara_1857.pdf?sequence=4;
;2;;Comissão de Commercio, Industria e Artes;;;;Regimento Interno 1857 – nota;http://bd.camara.gov.br/bd/bitstream/handle/bdcamara/14125/regimento_camara_1857.pdf?sequence=4;
;2;;Comissão de Fazenda;;;;Regimento Interno 1857 – nota;http://bd.camara.gov.br/bd/bitstream/handle/bdcamara/14125/regimento_camara_1857.pdf?sequence=4;
;2;;Comissão Primeira do Orçamento (Ministério da Fazenda);;;;Regimento Interno 1857 – nota;http://bd.camara.gov.br/bd/bitstream/handle/bdcamara/14125/regimento_camara_1857.pdf?sequence=4;
;2;;Comissão Segunda do Orçamento (Ministério do Imperio, Justiça e Estrangeiros);;;;Regimento Interno 1857 – nota;http://bd.camara.gov.br/bd/bitstream/handle/bdcamara/14125/regimento_camara_1857.pdf?sequence=4;
;2;;Comissão Terceira do Orçamento (Ministério da Marinha e Guerra);;;;Regimento Interno 1857 – nota;http://bd.camara.gov.br/bd/bitstream/handle/bdcamara/14125/regimento_camara_1857.pdf?sequence=4;
;2;;Comissão Primeira de Contas (Ministério da Fazenda);;;;Regimento Interno 1857 – nota;http://bd.camara.gov.br/bd/bitstream/handle/bdcamara/14125/regimento_camara_1857.pdf?sequence=4;
;2;;Comissão Segunda de Contas (Ministério do Imperio, Justiça e Estrangeiros);;;;Regimento Interno 1857 – nota;http://bd.camara.gov.br/bd/bitstream/handle/bdcamara/14125/regimento_camara_1857.pdf?sequence=4;
;2;;Comissão Terceira de Contas (Ministério da Marinha e Guerra);;;;Regimento Interno 1857 – nota;http://bd.camara.gov.br/bd/bitstream/handle/bdcamara/14125/regimento_camara_1857.pdf?sequence=4;
;2;;Comissão de Exame do Thesouro;;;;Regimento Interno 1857 – nota;http://bd.camara.gov.br/bd/bitstream/handle/bdcamara/14125/regimento_camara_1857.pdf?sequence=4;
;2;;Comissão de Pensões e Ordenados;;;;Regimento Interno 1857 – nota;http://bd.camara.gov.br/bd/bitstream/handle/bdcamara/14125/regimento_camara_1857.pdf?sequence=4;
;2;;Comissão de Constituição e Poderes;;;;Regimento Interno 1857 – nota;http://bd.camara.gov.br/bd/bitstream/handle/bdcamara/14125/regimento_camara_1857.pdf?sequence=4;
;2;;Comissão de Redacção das Leis;;;;Regimento Interno 1857 – nota;http://bd.camara.gov.br/bd/bitstream/handle/bdcamara/14125/regimento_camara_1857.pdf?sequence=4;
;2;;Comissão de Justiça Civil;;;;Regimento Interno 1857 – nota;http://bd.camara.gov.br/bd/bitstream/handle/bdcamara/14125/regimento_camara_1857.pdf?sequence=4;
;2;;Comissão de Justiça Criminal;;;;Regimento Interno 1857 – nota;http://bd.camara.gov.br/bd/bitstream/handle/bdcamara/14125/regimento_camara_1857.pdf?sequence=4;
;2;;Comissão de Diplomacia;;;;Regimento Interno 1857 – nota;http://bd.camara.gov.br/bd/bitstream/handle/bdcamara/14125/regimento_camara_1857.pdf?sequence=4;
;2;;Comissão de Marinha e Guerra;;;;Regimento Interno 1857 – nota;http://bd.camara.gov.br/bd/bitstream/handle/bdcamara/14125/regimento_camara_1857.pdf?sequence=4;
;2;;Comissão de Instrucção Publica;;;;Regimento Interno 1857 – nota;http://bd.camara.gov.br/bd/bitstream/handle/bdcamara/14125/regimento_camara_1857.pdf?sequence=4;
;2;;Comissão de Saude Publica;;;;Regimento Interno 1857 – nota;http://bd.camara.gov.br/bd/bitstream/handle/bdcamara/14125/regimento_camara_1857.pdf?sequence=4;
;2;;Comissão da Policia da Casa;;;;Regimento Interno 1857 – nota;http://bd.camara.gov.br/bd/bitstream/handle/bdcamara/14125/regimento_camara_1857.pdf?sequence=4;
;2;;Comissão de Camaras Municipaes;;;;Regimento Interno 1857 – nota;http://bd.camara.gov.br/bd/bitstream/handle/bdcamara/14125/regimento_camara_1857.pdf?sequence=4;
;2;;Comissão de Assembléas Provinciaes;;;;Regimento Interno 1857 – nota;http://bd.camara.gov.br/bd/bitstream/handle/bdcamara/14125/regimento_camara_1857.pdf?sequence=4;
;2;;Comissão de Negocios Ecclesiasticos;;;;Regimento Interno 1857 – nota;http://bd.camara.gov.br/bd/bitstream/handle/bdcamara/14125/regimento_camara_1857.pdf?sequence=4;
;2;;Comissão de Estatistica, Colonisação, Catechese e Civilisação dos Indios;;;;Regimento Interno 1857 – nota;http://bd.camara.gov.br/bd/bitstream/handle/bdcamara/14125/regimento_camara_1857.pdf?sequence=4;
;2;;Comissão de Obras Publicas;;;;Regimento Interno 1857 – nota;http://bd.camara.gov.br/bd/bitstream/handle/bdcamara/14125/regimento_camara_1857.pdf?sequence=4;
;2;;Comissão Agricultura, Minas e Bosques;;;;Regimento Interno 1854;http://bd.camara.gov.br/bd/bitstream/handle/bdcamara/16922/regimento_%201854_camara.pdf?sequence=1;
;2;;Comissão de Commercio, Industria e Artes;;;;Regimento Interno 1854;http://bd.camara.gov.br/bd/bitstream/handle/bdcamara/16922/regimento_%201854_camara.pdf?sequence=1;
;2;;Comissão de Fazenda;;;;Regimento Interno 1854;http://bd.camara.gov.br/bd/bitstream/handle/bdcamara/16922/regimento_%201854_camara.pdf?sequence=1;
;2;;Comissão Primeira do Orçamento (Ministério da Fazenda);;;;Regimento Interno 1854;http://bd.camara.gov.br/bd/bitstream/handle/bdcamara/16922/regimento_%201854_camara.pdf?sequence=1;
;2;;Comissão Segunda do Orçamento (Ministério do Imperio, Justiça e Estrangeiros);;;;Regimento Interno 1854;http://bd.camara.gov.br/bd/bitstream/handle/bdcamara/16922/regimento_%201854_camara.pdf?sequence=1;
;2;;Comissão Terceira do Orçamento (Ministério da Marinha e Guerra);;;;Regimento Interno 1854;http://bd.camara.gov.br/bd/bitstream/handle/bdcamara/16922/regimento_%201854_camara.pdf?sequence=1;
;2;;Comissão Primeira de Contas (Ministério da Fazenda);;;;Regimento Interno 1854;http://bd.camara.gov.br/bd/bitstream/handle/bdcamara/16922/regimento_%201854_camara.pdf?sequence=1;
;2;;Comissão Segunda de Contas (Ministério do Imperio, Justiça e Estrangeiros);;;;Regimento Interno 1854;http://bd.camara.gov.br/bd/bitstream/handle/bdcamara/16922/regimento_%201854_camara.pdf?sequence=1;
;2;;Comissão Terceira de Contas (Ministério da Marinha e Guerra);;;;Regimento Interno 1854;http://bd.camara.gov.br/bd/bitstream/handle/bdcamara/16922/regimento_%201854_camara.pdf?sequence=1;
;2;;Comissão de Exame do Thesouro;;;;Regimento Interno 1854;http://bd.camara.gov.br/bd/bitstream/handle/bdcamara/16922/regimento_%201854_camara.pdf?sequence=1;
;2;;Comissão de Pensões e Ordenados;;;;Regimento Interno 1854;http://bd.camara.gov.br/bd/bitstream/handle/bdcamara/16922/regimento_%201854_camara.pdf?sequence=1;
;2;;Comissão de Constituição e Poderes;;;;Regimento Interno 1854;http://bd.camara.gov.br/bd/bitstream/handle/bdcamara/16922/regimento_%201854_camara.pdf?sequence=1;
;2;;Comissão de Redacção das Leis;;;;Regimento Interno 1854;http://bd.camara.gov.br/bd/bitstream/handle/bdcamara/16922/regimento_%201854_camara.pdf?sequence=1;
;2;;Comissão de Justiça Civil;;;;Regimento Interno 1854;http://bd.camara.gov.br/bd/bitstream/handle/bdcamara/16922/regimento_%201854_camara.pdf?sequence=1;
;2;;Comissão de Justiça Criminal;;;;Regimento Interno 1854;http://bd.camara.gov.br/bd/bitstream/handle/bdcamara/16922/regimento_%201854_camara.pdf?sequence=1;
;2;;Comissão de Diplomacia;;;;Regimento Interno 1854;http://bd.camara.gov.br/bd/bitstream/handle/bdcamara/16922/regimento_%201854_camara.pdf?sequence=1;
;2;;Comissão de Marinha e Guerra;;;;Regimento Interno 1854;http://bd.camara.gov.br/bd/bitstream/handle/bdcamara/16922/regimento_%201854_camara.pdf?sequence=1;
;2;;Comissão da Instrucção Publica;;;;Regimento Interno 1854;http://bd.camara.gov.br/bd/bitstream/handle/bdcamara/16922/regimento_%201854_camara.pdf?sequence=1;
;2;;Comissão de Saude Publica;;;;Regimento Interno 1854;http://bd.camara.gov.br/bd/bitstream/handle/bdcamara/16922/regimento_%201854_camara.pdf?sequence=1;
;2;;Comissão da Policia da Casa;;;;Regimento Interno 1854;http://bd.camara.gov.br/bd/bitstream/handle/bdcamara/16922/regimento_%201854_camara.pdf?sequence=1;
;2;;Comissão de Camaras Municipaes;;;;Regimento Interno 1854;http://bd.camara.gov.br/bd/bitstream/handle/bdcamara/16922/regimento_%201854_camara.pdf?sequence=1;
;2;;Comissão de Assembléas Provinciaes;;;;Regimento Interno 1854;http://bd.camara.gov.br/bd/bitstream/handle/bdcamara/16922/regimento_%201854_camara.pdf?sequence=1;
;2;;Comissão de Negocios Ecclesiasticos;;;;Regimento Interno 1854;http://bd.camara.gov.br/bd/bitstream/handle/bdcamara/16922/regimento_%201854_camara.pdf?sequence=1;
;2;;Comissão de Estatistica, Colonisação, Catechese e Civilização dos Indios;;;;Regimento Interno 1854;http://bd.camara.gov.br/bd/bitstream/handle/bdcamara/16922/regimento_%201854_camara.pdf?sequence=1;
;2;;Comissão de Obras Publicas;;;;Regimento Interno 1854;http://bd.camara.gov.br/bd/bitstream/handle/bdcamara/16922/regimento_%201854_camara.pdf?sequence=1;
;2;;Comissão de Minas e Bosques;;1831-09-03;;Regimento Interno 1831;http://bd.camara.gov.br/bd/bitstream/handle/bdcamara/14124/regimento%20_camara_1831_1832.pdf?sequence=3;
;2;;Comissão do Commercio, Agricultura, Industria e Artes;;1831-09-03;;Regimento Interno 1831;http://bd.camara.gov.br/bd/bitstream/handle/bdcamara/14124/regimento%20_camara_1831_1832.pdf?sequence=3;
;2;;Comissão de Fazenda e Orçamento;;1831-09-03;;Regimento Interno 1831;http://bd.camara.gov.br/bd/bitstream/handle/bdcamara/14124/regimento%20_camara_1831_1832.pdf?sequence=3;
;2;;Comissão de Pensões e Ordenados;;1831-09-03;;Regimento Interno 1831;http://bd.camara.gov.br/bd/bitstream/handle/bdcamara/14124/regimento%20_camara_1831_1832.pdf?sequence=3;
;2;;Comissão de Constituição e Poderes;;1831-09-03;;Regimento Interno 1831;http://bd.camara.gov.br/bd/bitstream/handle/bdcamara/14124/regimento%20_camara_1831_1832.pdf?sequence=3;
;2;;Comissão de Petições;;1831-09-03;;Regimento Interno 1831;http://bd.camara.gov.br/bd/bitstream/handle/bdcamara/14124/regimento%20_camara_1831_1832.pdf?sequence=3;
;2;;Comissão da Redacção das Leis;;1831-09-03;;Regimento Interno 1831;http://bd.camara.gov.br/bd/bitstream/handle/bdcamara/14124/regimento%20_camara_1831_1832.pdf?sequence=3;
;2;;Comissão de Justiça Civil e Criminal;;1831-09-03;;Regimento Interno 1831;http://bd.camara.gov.br/bd/bitstream/handle/bdcamara/14124/regimento%20_camara_1831_1832.pdf?sequence=3;
;2;;Comissão de Diplomacia;;1831-09-03;;Regimento Interno 1831;http://bd.camara.gov.br/bd/bitstream/handle/bdcamara/14124/regimento%20_camara_1831_1832.pdf?sequence=3;
;2;;Comissão de Marinha e Guerra;;1831-09-03;;Regimento Interno 1831;http://bd.camara.gov.br/bd/bitstream/handle/bdcamara/14124/regimento%20_camara_1831_1832.pdf?sequence=3;
;2;;Comissão da Instrucção Publica;;1831-09-03;;Regimento Interno 1831;http://bd.camara.gov.br/bd/bitstream/handle/bdcamara/14124/regimento%20_camara_1831_1832.pdf?sequence=3;
;2;;Comissão de Saude Publica;;1831-09-03;;Regimento Interno 1831;http://bd.camara.gov.br/bd/bitstream/handle/bdcamara/14124/regimento%20_camara_1831_1832.pdf?sequence=3;
;2;;Comissão da Policia da Casa;;1831-09-03;;Regimento Interno 1831;http://bd.camara.gov.br/bd/bitstream/handle/bdcamara/14124/regimento%20_camara_1831_1832.pdf?sequence=3;
;2;;Comissão das Camaras Municipaes, e Juizes de Paz;;1831-09-03;;Regimento Interno 1831;http://bd.camara.gov.br/bd/bitstream/handle/bdcamara/14124/regimento%20_camara_1831_1832.pdf?sequence=3;
;2;;Comissão dos Conselhos Geraes de Provincias;;1831-09-03;;Regimento Interno 1831;http://bd.camara.gov.br/bd/bitstream/handle/bdcamara/14124/regimento%20_camara_1831_1832.pdf?sequence=3;
;2;;Comissão dos Negocios Ecclesiasticos;;1831-09-03;;Regimento Interno 1831;http://bd.camara.gov.br/bd/bitstream/handle/bdcamara/14124/regimento%20_camara_1831_1832.pdf?sequence=3;
;2;;Comissão da Colonisação, Cathequese e Civilização dos Indios;;1831-09-03;;Regimento Interno 1831;http://bd.camara.gov.br/bd/bitstream/handle/bdcamara/14124/regimento%20_camara_1831_1832.pdf?sequence=3;
;2;;Comissão de Estatistica;;1831-09-03;;Regimento Interno 1831;http://bd.camara.gov.br/bd/bitstream/handle/bdcamara/14124/regimento%20_camara_1831_1832.pdf?sequence=3;
;2;;Comissão dos meios e modos para a lenta extincção da Escravatura;;1831-09-03;;Regimento Interno 1831;http://bd.camara.gov.br/bd/bitstream/handle/bdcamara/14124/regimento%20_camara_1831_1832.pdf?sequence=3;
;2;;Comissão das Minas, e Bosques;;;;Regimento Interno 1826;;
;2;;Comissão do Commercio, Agricultura, Industria, e Artes;;;;Regimento Interno 1826;;
;2;;Comissão da Fazenda;;;;Regimento Interno 1826;;
;2;;Comissão da Guarda da Constituição;;;;Regimento Interno 1826;;
;2;;Comissão de Petiçoens;;;;Regimento Interno 1826;;
;2;;Comissão da Redacção das Leis;;;;Regimento Interno 1826;;
;2;;Comissão de Legislação, Justiça Civil, e Criminal;;;;Regimento Interno 1826;;
;2;;Comissão da Marinha e Guerra;;;;Regimento Interno 1826;;
;2;;Comissão da Instrucção Pública;;;;Regimento Interno 1826;;
;2;;Comissão da Policia, e Inspecção da Caza;;;;Regimento Interno 1826;;
;2;;Comissão da Colonização, Cathequesi, e Civilização dos Indios;;;;Regimento Interno 1826;;
;2;;Comissão da Estatistica, e Diplomatica;;;;Regimento Interno 1826;;
